,name,lr,rex,bias,optim,steps,dataset,datafile,datasize,exp_type,env_split,wandb_tag,weight_init,actual_measure,only_bias__ignore_input,selected_single_measure,nonnegative_weights_only,bias,loss,_step,weight,_runtime,risk_max,risk_min,bias_grad,train_mse,_timestamp,risk_range,rex_penalty,risk_argmax,weight_grad,irmv1_penalty,robustness_penalty
0,icy-dawn-6727,1,False,True,sgdm,500,,nin_adjusted,,v3,train_size,june10_v3,0.001,complexity.path_norm_adjusted1,True,path_norm,True,0.2730712890625,0.009553169831633568,499,0.0010000000474974513,7.000654220581055,0.03821267932653427,0.007789606228470802,-0.07079894840717316,0.01819607801735401,1591802576.996318,0.03042307309806347,0.00019885860092472285,0,0.0,0.0013902115169912577,0.009553169831633568
1,prime-shape-6726,1,False,True,sgdm,500,,nin_adjusted,,v3,train_size,june10_v3,0.001,complexity.dist_spec_init_adjusted1,False,dist_spec_init,True,0.34413179755210876,0.01338169164955616,499,0.008823834359645844,7.350915431976318,0.05352676659822464,0.019083384424448013,0.10948660224676132,0.033578306436538696,1591802576.364714,0.03444338217377663,0.00023390003480017185,3,-0.128444641828537,0.014122203923761845,0.01338169164955616
2,dutiful-lion-6725,1,False,True,sgdm,500,,nin_adjusted,,v3,train_size,june10_v3,0.001,complexity.fro_dist_adjusted1,False,fro_dist,True,0.27892592549324036,0.003735737642273307,499,0.07762809842824936,8.974095106124878,0.014942950569093227,0.004769294988363981,8.658389560878276e-10,0.00943599548190832,1591802574.572303,0.010173656046390532,1.9920375052606687e-05,0,2.663000486791134e-09,4.295484541216865e-05,0.003735737642273307
3,robust-cosmos-6723,1,False,True,sgdm,500,,nin_adjusted,,v3,train_size,june10_v3,0.001,complexity.inverse_margin_adjusted1,False,inverse_margin,True,0.23037929832935333,0.00805966928601265,499,0.0109749436378479,10.724722385406494,0.0322386771440506,0.009195900522172453,-0.05932104587554931,0.016829710453748703,1591802572.8174107,0.023042775690555573,0.00011270071991020814,0,-0.0914616584777832,0.0013396774884313345,0.00805966928601265
4,robust-resonance-6724,1,False,True,sgdm,500,,nin_adjusted,,v3,train_size,june10_v3,0.001,complexity.fro_over_spec_adjusted1,False,fro_over_spec,True,0.2575170397758484,0.010296376422047617,499,0.07757600396871567,10.21822452545166,0.04118550568819046,0.008726376108825207,0.06239741295576096,0.021708538755774495,1591802573.1073935,0.03245912864804268,0.0002052462805295363,0,0.11206209659576416,0.006005481816828251,0.010296376422047617
5,devout-pine-6721,1,False,True,sgdm,500,,nin_adjusted,,v3,train_size,june10_v3,0.001,complexity.log_prod_of_fro_adjusted1,False,log_prod_of_fro,True,0.2730712890625,0.009553169831633568,499,0.0,10.918407201766968,0.03821267932653427,0.007789606228470802,-0.07079894840717316,0.01819607801735401,1591802572.626537,0.03042307309806347,0.00019885860092472285,0,0.02175513654947281,0.0013902115169912577,0.009553169831633568
6,fanciful-eon-6718,1,False,True,sgdm,500,,nin_adjusted,,v3,train_size,june10_v3,0.001,complexity.log_prod_of_spec_over_margin_adjusted1,False,log_prod_of_spec_over_margin,True,0.2730712890625,0.009553169831633568,499,0.0,11.126699209213257,0.03821267932653427,0.007789606228470802,-0.07079894840717316,0.01819607801735401,1591802572.3994014,0.03042307309806347,0.00019885860092472285,0,0.02201385796070099,0.0013902115169912577,0.009553169831633568
7,lucky-meadow-6720,1,False,True,sgdm,500,,nin_adjusted,,v3,train_size,june10_v3,0.001,complexity.log_prod_of_fro_over_margin_adjusted1,False,log_prod_of_fro_over_margin,True,0.2730712890625,0.009553169831633568,499,0.0,11.00589632987976,0.03821267932653427,0.007789606228470802,-0.07079894840717316,0.01819607801735401,1591802572.596732,0.03042307309806347,0.00019885860092472285,0,0.02186361514031887,0.0013902115169912577,0.009553169831633568
8,woven-flower-6720,1,False,True,sgdm,500,,nin_adjusted,,v3,train_size,june10_v3,0.001,complexity.log_sum_of_fro_adjusted1,False,log_sum_of_fro,True,0.19429366290569303,0.006369909271597862,499,0.1055176556110382,12.50325870513916,0.02547963708639145,0.01270496379584074,0.027185926213860512,0.01768118143081665,1591802572.6096575,0.012774673290550709,3.18963429890573e-05,0,0.04696769639849663,0.0008369443821720779,0.006369909271597862
9,lyric-cherry-6719,1,False,True,sgdm,500,,nin_adjusted,,v3,train_size,june10_v3,0.001,complexity.log_prod_of_spec_adjusted1,False,log_prod_of_spec,True,0.2730712890625,0.009553169831633568,499,0.0,11.006608486175535,0.03821267932653427,0.007789606228470802,-0.07079894840717316,0.01819607801735401,1591802572.5124636,0.03042307309806347,0.00019885860092472285,0,0.021684030070900917,0.0013902115169912577,0.009553169831633568
10,dark-puddle-6715,1,False,True,sgdm,500,,nin_adjusted,,v3,train_size,june10_v3,0.001,complexity.log_sum_of_spec_adjusted1,False,log_sum_of_spec,True,0.10268787294626236,0.006482247728854418,499,0.19185563921928409,11.506714582443236,0.02592899091541767,0.016757333651185036,-0.03167567402124405,0.020067468285560608,1591802570.6565323,0.009171657264232635,1.813944436435122e-05,0,-0.026886820793151855,0.0005913067143410444,0.006482247728854418
11,upbeat-totem-6713,1,False,True,sgdm,500,,nin_adjusted,,v3,train_size,june10_v3,0.001,complexity.pacbayes_flatness_adjusted1,False,pacbayes_flatness,True,0.3455947935581207,0.0077970148995518684,499,0.04397548735141754,11.666523694992064,0.03118805959820747,0.004170364234596491,0.06804817914962769,0.013749668374657633,1591802570.3806884,0.02701769582927227,0.00014999869745224714,0,0.09074623882770538,0.004952264949679375,0.0077970148995518684
12,neat-plant-6714,1,False,True,sgdm,500,,nin_adjusted,,v3,train_size,june10_v3,0.001,complexity.pacbayes_init_adjusted1,False,pacbayes_init,True,0.2816234827041626,0.0036776945926249023,499,0.08200043439865112,11.707184076309204,0.014710778370499613,0.0038950287271291018,-0.0009936889400705695,0.009028378874063492,1591802570.526898,0.010815749876201153,2.1927164198132232e-05,0,0.012759489938616753,1.867465653049294e-05,0.0036776945926249023
13,pretty-deluge-6716,1,False,True,sgdm,500,,nin_adjusted,,v3,train_size,june10_v3,0.001,complexity.log_sum_of_spec_over_margin_adjusted1,False,log_sum_of_spec_over_margin,True,0.32019567489624023,0.007338481955230236,499,0.1126849427819252,11.480890274047852,0.029353927820920944,0.007324094884097576,-0.047552961856126785,0.01669769175350666,1591802571.0722854,0.022029832005500793,9.32896218728274e-05,0,-0.045725371688604355,0.0008246408542618155,0.007338481955230236
14,breezy-jazz-6716,1,False,True,sgdm,500,,nin_adjusted,,v3,train_size,june10_v3,0.001,complexity.log_sum_of_fro_over_margin_adjusted1,False,log_sum_of_fro_over_margin,True,0.20482170581817627,0.0064450823701918125,499,0.05807802081108093,11.565282583236694,0.02578032948076725,0.015494278632104397,0.019861701875925064,0.020221635699272156,1591802571.0864046,0.010286050848662852,1.8343058400205337e-05,0,0.041255779564380646,0.0005041598342359066,0.0064450823701918125
15,bumbling-sky-6712,1,False,True,sgdm,500,,nin_adjusted,,v3,train_size,june10_v3,0.001,complexity.pacbayes_mag_flatness_adjusted1,False,pacbayes_mag_flatness,True,0.264285147190094,0.002929468173533678,499,0.09685733914375304,12.163221836090088,0.011717872694134712,0.003646229626610875,1.3096723705530167e-09,0.00784990843385458,1591802567.3293583,0.00807164330035448,1.2383688044792509e-05,0,3.905370249412954e-09,6.80309585732175e-06,0.002929468173533678
16,prime-donkey-6710,1,False,True,sgdm,500,,nin_adjusted,,v3,train_size,june10_v3,0.001,complexity.pacbayes_mag_init_adjusted1,False,pacbayes_mag_init,True,0.3334243893623352,0.006456563249230385,499,0.10402316600084303,11.946831226348875,0.02582625299692154,0.017522159963846207,0.07044147700071335,0.020809929817914963,1591802566.9384654,0.008304093033075333,1.25248088806984e-05,3,-0.05849995091557503,0.00362183665856719,0.006456563249230385
17,electric-puddle-6711,1,False,True,sgdm,500,,nin_adjusted,,v3,train_size,june10_v3,0.001,complexity.pacbayes_mag_orig_adjusted1,False,pacbayes_mag_orig,True,0.2494499683380127,0.006814590189605951,499,0.0031095892190933228,12.294903039932253,0.027258360758423805,0.009327133186161518,-0.009617077186703682,0.016727877780795097,1591802567.1557565,0.017931226640939713,6.335598300211132e-05,0,0.04013398662209511,0.00021158758318051696,0.006814590189605951
18,devout-sun-6708,1,False,True,sgdm,500,,nin_adjusted,,v3,train_size,june10_v3,0.001,complexity.param_norm_adjusted1,False,param_norm,True,0.3243238925933838,0.00479132542386651,499,0.03945838287472725,11.171597957611084,0.01916530169546604,0.009273534640669824,0.0018270957516506312,0.013235600665211678,1591802563.5829673,0.00989176705479622,1.995129969145637e-05,0,0.01129956729710102,0.0004185658763162792,0.00479132542386651
19,hopeful-surf-6709,1,False,True,sgdm,500,,nin_adjusted,,v3,train_size,june10_v3,0.001,complexity.pacbayes_orig_adjusted1,False,pacbayes_orig,True,0.30273157358169556,0.0041990866884589195,499,0.05229204148054123,12.04934573173523,0.016796346753835678,0.009211482480168344,-1.2987584341317417e-08,0.01204516924917698,1591802564.775319,0.007584864273667336,1.2245159268786663e-05,0,-2.3523170966655016e-08,0.0004575884086079895,0.0041990866884589195
20,icy-snowflake-6707,1,False,True,sgdm,500,,nin_adjusted,,v3,train_size,june10_v3,0.001,complexity.path_norm_adjusted1,False,path_norm,True,0.2799074053764343,0.003955921623855829,499,0.07925333082675934,10.728060722351074,0.015823686495423317,0.009676802903413773,-0.013800722546875477,0.012085644528269768,1591802562.7144196,0.006146883592009544,6.8864019340253435e-06,0,0.007679995615035296,0.0008181717712432146,0.003955921623855829
21,helpful-bush-6706,1,False,True,sgdm,500,,nin_adjusted,,v3,train_size,june10_v3,0.001,complexity.path_norm_over_margin_adjusted1,False,path_norm_over_margin,True,0.3320344388484955,0.006102647166699171,499,0.05211837589740753,8.844547510147095,0.024410588666796684,0.014112249948084354,0.07159705460071564,0.017588643357157707,1591802555.3422208,0.01029833871871233,2.3300861357711256e-05,3,-0.03351845219731331,0.0037235557101666927,0.006102647166699171
22,lemon-smoke-6705,1,False,True,sgdm,500,,nin_adjusted,,v3,train_size,june10_v3,0.001,complexity.log_spec_orig_main_adjusted1,False,log_spec_orig_main,True,0.2730712890625,0.009553169831633568,499,0.0,10.408492803573608,0.03821267932653427,0.007789606228470802,-0.07079894840717316,0.01819607801735401,1591802554.2231634,0.03042307309806347,0.00019885860092472285,0,0.02147412672638893,0.0013902115169912577,0.009553169831633568
23,still-star-6701,1,False,True,sgdm,500,,nin_adjusted,,v3,dataset,june10_v3,0.001,complexity.fro_over_spec_adjusted1,False,fro_over_spec,True,0.07909134030342102,0.06789620965719223,499,0.023493468761444092,10.792365789413452,0.13579241931438446,0.06174484267830849,-0.35792654752731323,0.09876862913370132,1591802553.0369792,0.07404758036136627,0.002741521690040827,0,-0.07819052785634995,0.0001204638829221949,0.06789620965719223
24,fragrant-blaze-6703,1,False,True,sgdm,500,,nin_adjusted,,v3,dataset,june10_v3,0.001,complexity.path_norm_adjusted1,True,path_norm,True,0.27208080887794495,0.014522782526910303,499,0.0010000000474974513,10.401461362838743,0.02904556505382061,0.015319633297622204,-0.14616622030735016,0.02218259871006012,1591802553.402693,0.013725931756198406,9.420060086995365e-05,0,0.0,0.0015957013238221407,0.014522782526910303
25,sweet-silence-6703,1,False,True,sgdm,500,,nin_adjusted,,v3,dataset,june10_v3,0.001,complexity.dist_spec_init_adjusted1,False,dist_spec_init,True,0.2677583396434784,0.008125289343297482,499,0.06855911016464233,10.556116342544556,0.016250578686594963,0.006738268304616213,0.07981574535369873,0.011494423262774944,1591802553.3343318,0.009512310847640038,4.5242024498293176e-05,1,0.0024340872187167406,0.001757591962814331,0.008125289343297482
26,spring-violet-6700,1,False,True,sgdm,500,,nin_adjusted,,v3,dataset,june10_v3,0.001,complexity.inverse_margin_adjusted1,False,inverse_margin,True,0.26839014887809753,0.007913591340184212,499,0.08147423714399338,10.930011749267578,0.015827182680368423,0.005031146574765444,0.06848824769258499,0.01042916439473629,1591802552.9144373,0.010796036571264269,5.827719724038616e-05,1,0.008234929293394089,0.001300170086324215,0.007913591340184212
27,rural-feather-6701,1,False,True,sgdm,500,,nin_adjusted,,v3,dataset,june10_v3,0.001,complexity.fro_dist_adjusted1,False,fro_dist,True,0.3663173913955689,0.013361393474042416,499,0.0685659721493721,10.894112586975098,0.02672278694808483,0.003744527464732528,-0.1576101779937744,0.015233657322824,1591802553.091875,0.02297825925052166,0.0002640002057887614,0,0.013802376575767994,0.0016764051979407668,0.013361393474042416
28,good-sound-6699,1,False,True,sgdm,500,,nin_adjusted,,v3,dataset,june10_v3,0.001,complexity.log_prod_of_fro_adjusted1,False,log_prod_of_fro,True,0.27208083868026733,0.014522787183523178,499,0.0,10.796648502349854,0.029045574367046356,0.015319633297622204,-0.14616626501083374,0.022182604297995567,1591802552.7008069,0.013725941069424152,9.420073183719067e-05,0,-0.007805059663951397,0.0015957013238221407,0.014522787183523178
29,deep-tree-6695,1,False,True,sgdm,500,,nin_adjusted,,v3,dataset,june10_v3,0.001,complexity.log_prod_of_spec_over_margin_adjusted1,False,log_prod_of_spec_over_margin,True,0.27208080887794495,0.014522782526910303,499,0.0,11.033362865447998,0.02904556505382061,0.015319633297622204,-0.14616622030735016,0.02218259871006012,1591802552.5081725,0.013725931756198406,9.420060086995365e-05,0,-0.006478018127381802,0.0015957013238221407,0.014522782526910303
30,rose-brook-6694,1,False,True,sgdm,500,,nin_adjusted,,v3,dataset,june10_v3,0.001,complexity.log_sum_of_fro_over_margin_adjusted1,False,log_sum_of_fro_over_margin,True,0.07918214797973633,0.06784044951200485,499,0.0231730118393898,10.982659578323364,0.1356808990240097,0.06167770177125931,-0.35777077078819275,0.0986793041229248,1591802552.0803573,0.0740031972527504,0.0027382366824895144,0,-0.07720408588647842,0.00011832999007310718,0.06784044951200485
31,twilight-plant-6695,1,False,True,sgdm,500,,nin_adjusted,,v3,dataset,june10_v3,0.001,complexity.log_prod_of_fro_over_margin_adjusted1,False,log_prod_of_fro_over_margin,True,0.27208080887794495,0.014522782526910303,499,0.0,10.883299589157104,0.02904556505382061,0.015319633297622204,-0.14616622030735016,0.02218259871006012,1591802552.4091234,0.013725931756198406,9.420060086995365e-05,0,-0.007877594791352749,0.0015957013238221407,0.014522782526910303
32,zany-lion-6695,1,False,True,sgdm,500,,nin_adjusted,,v3,dataset,june10_v3,0.001,complexity.log_sum_of_fro_adjusted1,False,log_sum_of_fro,True,0.07856425642967224,0.06820276379585266,499,0.02291960641741753,10.911509037017822,0.13640552759170532,0.062114279717206955,-0.3587820529937744,0.09925990551710127,1591802552.3116884,0.07429124414920807,0.002759594703093171,0,-0.07666235417127609,0.00013255677185952663,0.06820276379585266
33,vocal-galaxy-6698,1,False,True,sgdm,500,,nin_adjusted,,v3,dataset,june10_v3,0.001,complexity.log_prod_of_spec_adjusted1,False,log_prod_of_spec,True,0.27208083868026733,0.014522787183523178,499,0.0,10.720425605773926,0.029045574367046356,0.015319633297622204,-0.14616626501083374,0.022182604297995567,1591802552.5826623,0.013725941069424152,9.420073183719067e-05,0,-0.006268214900046587,0.0015957013238221407,0.014522787183523178
34,winter-microwave-6693,1,False,True,sgdm,500,,nin_adjusted,,v3,dataset,june10_v3,0.001,complexity.log_sum_of_spec_adjusted1,False,log_sum_of_spec,True,0.0795886218547821,0.06756028532981873,499,0.023087337613105777,11.491750478744509,0.13512057065963745,0.06134069338440895,-0.3569868206977844,0.09823063015937804,1591802549.0178845,0.0737798810005188,0.00272173504345119,0,-0.07870939373970032,0.00010791438398882748,0.06756028532981873
35,wobbly-thunder-6691,1,False,True,sgdm,500,,nin_adjusted,,v3,dataset,june10_v3,0.001,complexity.pacbayes_flatness_adjusted1,False,pacbayes_flatness,True,0.1982434093952179,0.0066458117216825485,499,0.08302073180675507,11.55801248550415,0.013291623443365095,0.005238884594291449,0.06641022115945816,0.009265254251658916,1591802548.6714675,0.008052738383412361,3.242330058128573e-05,1,0.004211571998894215,0.0013003250351175666,0.0066458117216825485
36,effortless-lion-6691,1,False,True,sgdm,500,,nin_adjusted,,v3,dataset,june10_v3,0.001,complexity.log_sum_of_spec_over_margin_adjusted1,False,log_sum_of_spec_over_margin,True,0.1933220773935318,0.010321058332920074,499,0.0209115631878376,11.599601984024048,0.02064211666584015,0.007480583619326353,0.07091771066188812,0.014061350375413896,1591802548.883827,0.013161532580852509,8.661297761136666e-05,1,0.02779056504368782,0.001670678611844778,0.010321058332920074
37,likely-monkey-6689,1,False,True,sgdm,500,,nin_adjusted,,v3,dataset,june10_v3,0.001,complexity.pacbayes_mag_flatness_adjusted1,False,pacbayes_mag_flatness,True,0.3579140901565552,0.011991904117166996,499,0.08087553828954697,11.3110613822937,0.023983808234333992,0.0020816645119339228,-0.14503075182437897,0.013032736256718636,1591802546.4086916,0.021902143955230713,0.00023985194275155663,0,0.02152685634791851,0.001381930778734386,0.011991904117166996
38,eager-puddle-6690,1,False,True,sgdm,500,,nin_adjusted,,v3,dataset,june10_v3,0.001,complexity.pacbayes_init_adjusted1,False,pacbayes_init,True,0.3634825646877289,0.01309553813189268,499,0.07537010312080383,11.111204385757446,0.02619107626378536,0.002295625163242221,-0.1533963531255722,0.014243350364267826,1591802546.7742584,0.023895451799035072,0.0002854962949641049,0,0.01652618870139122,0.0015732875326648357,0.01309553813189268
39,playful-sky-6688,1,False,True,sgdm,500,,nin_adjusted,,v3,dataset,june10_v3,0.001,complexity.pacbayes_mag_init_adjusted1,False,pacbayes_mag_init,True,0.27197498083114624,0.01404279563575983,499,0.03764144331216812,10.28562593460083,0.02808559127151966,0.01522141508758068,-0.14656788110733032,0.02165350317955017,1591802544.6544218,0.01286417618393898,8.27435142127797e-05,0,-0.052735038101673126,0.0016544495010748506,0.01404279563575983
40,toasty-wave-6687,1,False,True,sgdm,500,,nin_adjusted,,v3,dataset,june10_v3,0.001,complexity.pacbayes_mag_orig_adjusted1,False,pacbayes_mag_orig,True,0.2719973623752594,0.014550604857504368,499,0.03234165906906128,7.65876317024231,0.029101209715008736,0.015321091748774052,-0.14635643362998962,0.02221115119755268,1591802537.9190464,0.013780117966234684,9.494582627667114e-05,0,-0.06076986342668533,0.0015968141378834844,0.014550604857504368
41,gentle-sponge-6686,1,False,True,sgdm,500,,nin_adjusted,,v3,dataset,june10_v3,0.001,complexity.pacbayes_orig_adjusted1,False,pacbayes_orig,True,0.2721239924430847,0.011780944652855396,499,0.07881847769021988,8.85860013961792,0.023561889305710793,0.008509254083037376,-0.1480469107627869,0.016035571694374084,1591802536.1606572,0.015052635222673416,0.00011329091648804024,0,0.0029908199794590473,0.0015935158589854836,0.011780944652855396
42,blooming-snowball-6685,1,False,True,sgdm,500,,nin_adjusted,,v3,dataset,june10_v3,0.001,complexity.param_norm_adjusted1,False,param_norm,True,0.267650842666626,0.008778456598520279,499,0.06451424211263657,8.775395631790161,0.017556913197040558,0.006642213556915522,0.0790158361196518,0.012099563144147396,1591802535.8021276,0.010914700105786324,5.956533277640119e-05,1,0.006619196850806475,0.0017631631344556808,0.008778456598520279
43,comic-forest-6684,1,False,True,sgdm,500,,nin_adjusted,,v3,dataset,june10_v3,0.001,complexity.path_norm_adjusted1,False,path_norm,True,0.3500308394432068,0.019218627363443375,499,0.04603832587599754,9.718503952026367,0.03843725472688675,0.00657199090346694,0.17769260704517365,0.022504622116684914,1591802535.523104,0.03186526522040367,0.0005076975212432444,1,-0.055843766778707504,0.008189992979168892,0.019218627363443375
44,eager-pine-6683,1,False,True,sgdm,500,,nin_adjusted,,v3,dataset,june10_v3,0.001,complexity.path_norm_over_margin_adjusted1,False,path_norm_over_margin,True,0.34880542755126953,0.018863143399357796,499,0.04609961807727814,9.938463926315308,0.03772628679871559,0.00678034545853734,0.17543865740299225,0.022253315895795826,1591802534.6323414,0.03094594180583954,0.0004788256483152509,1,-0.06035197526216507,0.00787384808063507,0.018863143399357796
45,fresh-shape-6682,1,False,True,sgdm,500,,nin_adjusted,,v3,dataset,june10_v3,0.001,complexity.log_spec_orig_main_adjusted1,False,log_spec_orig_main,True,0.27208083868026733,0.014522787183523178,499,0.0,10.243801832199097,0.029045574367046356,0.015319633297622204,-0.14616626501083374,0.022182604297995567,1591802534.311547,0.013725941069424152,9.420073183719067e-05,0,-0.00701144989579916,0.0015957013238221407,0.014522787183523178
46,hardy-glade-6681,1,False,True,sgdm,500,,nin_adjusted,,v3,depth,june10_v3,0.001,complexity.path_norm_adjusted1,True,path_norm,True,0.3192538321018219,0.003910986240953207,499,0.0010000000474974513,11.66676664352417,0.01955493167042732,0.01275911182165146,0.02103552222251892,0.016954530030488968,1591802535.4585457,0.006795819848775864,1.04502241811133e-05,4,0.0,0.0008631594246253371,0.003910986240953207
47,honest-sun-6677,1,False,True,sgdm,500,,nin_adjusted,,v3,depth,june10_v3,0.001,complexity.inverse_margin_adjusted1,False,inverse_margin,True,0.3294185400009155,0.0028304546140134335,499,0.08966521918773651,11.43949055671692,0.014152273535728456,0.008684998378157616,-0.04159478843212128,0.011227121576666832,1591802533.492798,0.005467275157570839,3.84086479243706e-06,1,-0.009086682461202145,0.0006294240010902286,0.0028304546140134335
48,wise-puddle-6679,1,False,True,sgdm,500,,nin_adjusted,,v3,depth,june10_v3,0.001,complexity.fro_dist_adjusted1,False,fro_dist,True,0.25775858759880066,0.002459131646901369,499,0.07543440163135529,11.261657238006592,0.012295657768845558,0.003357902867719531,-8.803908713161944e-10,0.009580244310200214,1591802533.7380328,0.008937754668295383,1.441172935301438e-05,3,-3.6852725315839052e-09,0.00012206325482111424,0.002459131646901369
49,atomic-firebrand-6680,1,False,True,sgdm,500,,nin_adjusted,,v3,depth,june10_v3,0.001,complexity.dist_spec_init_adjusted1,False,dist_spec_init,True,0.2800014913082123,0.004213075153529644,499,0.0719478577375412,11.432947635650637,0.021065374836325645,0.013347727246582508,-0.051689669489860535,0.015528189949691296,1591802534.1534748,0.007717647589743137,1.0064277375931852e-05,1,-0.032526932656764984,0.001002748729661107,0.004213075153529644
50,ethereal-brook-6677,1,False,True,sgdm,500,,nin_adjusted,,v3,depth,june10_v3,0.001,complexity.fro_over_spec_adjusted1,False,fro_over_spec,True,0.34885483980178833,0.004030979238450527,499,0.01837339997291565,11.413343667984009,0.02015489526093006,0.010725930333137512,-0.049556806683540344,0.014281779527664185,1591802533.6481578,0.00942896492779255,1.2264518773008604e-05,1,0.0016384318005293608,0.0008233439293690026,0.004030979238450527
51,summer-totem-6676,1,False,True,sgdm,500,,nin_adjusted,,v3,depth,june10_v3,0.001,complexity.log_prod_of_fro_adjusted1,False,log_prod_of_fro,True,0.3192538321018219,0.003910986240953207,499,0.0,11.69596529006958,0.01955493167042732,0.01275911182165146,0.02103552222251892,0.016954530030488968,1591802531.5619264,0.006795819848775864,1.04502241811133e-05,4,-0.0006124036153778434,0.0008631594246253371,0.003910986240953207
52,laced-durian-6674,1,False,True,sgdm,500,,nin_adjusted,,v3,depth,june10_v3,0.001,complexity.log_prod_of_spec_adjusted1,False,log_prod_of_spec,True,0.3192538321018219,0.003910986240953207,499,0.0,11.527408361434937,0.01955493167042732,0.01275911182165146,0.02103552222251892,0.016954530030488968,1591802531.1860068,0.006795819848775864,1.04502241811133e-05,4,-0.0015200719935819509,0.0008631594246253371,0.003910986240953207
53,toasty-breeze-6674,1,False,True,sgdm,500,,nin_adjusted,,v3,depth,june10_v3,0.001,complexity.log_prod_of_fro_over_margin_adjusted1,False,log_prod_of_fro_over_margin,True,0.3192538321018219,0.003910986240953207,499,0.0,11.748843669891356,0.01955493167042732,0.01275911182165146,0.02103552222251892,0.016954530030488968,1591802531.3623462,0.006795819848775864,1.04502241811133e-05,4,-0.0006399391568265855,0.0008631594246253371,0.003910986240953207
54,fragrant-vortex-6673,1,False,True,sgdm,500,,nin_adjusted,,v3,depth,june10_v3,0.001,complexity.log_prod_of_spec_over_margin_adjusted1,False,log_prod_of_spec_over_margin,True,0.3192538321018219,0.003910986240953207,499,0.0,11.330554723739624,0.01955493167042732,0.01275911182165146,0.02103552222251892,0.016954530030488968,1591802529.8004155,0.006795819848775864,1.04502241811133e-05,4,-0.001611357438378036,0.0008631594246253371,0.003910986240953207
55,blooming-flower-6672,1,False,True,sgdm,500,,nin_adjusted,,v3,depth,june10_v3,0.001,complexity.log_sum_of_fro_adjusted1,False,log_sum_of_fro,True,0.34537068009376526,0.003961250185966492,499,0.0440024770796299,11.02174949645996,0.01980625092983246,0.010930772870779036,-0.05040651932358742,0.014067942276597025,1591802529.0875282,0.008875478059053421,1.1270274626440369e-05,1,0.00021249745623208585,0.0008550551719963551,0.003961250185966492
56,cerulean-wave-6671,1,False,True,sgdm,500,,nin_adjusted,,v3,depth,june10_v3,0.001,complexity.log_sum_of_spec_adjusted1,False,log_sum_of_spec,True,0.24467819929122925,0.00805803295224905,499,0.027765903621912003,15.412424087524414,0.040290165692567825,0.014082584530115128,-0.07642295211553574,0.020879266783595085,1591802528.1585193,0.026207581162452694,0.00012289780715946108,1,0.01962996833026409,0.0013819499872624874,0.00805803295224905
57,youthful-lion-6670,1,False,True,sgdm,500,,nin_adjusted,,v3,depth,june10_v3,0.001,complexity.log_sum_of_fro_over_margin_adjusted1,False,log_sum_of_fro_over_margin,True,0.34808871150016785,0.0040384940803050995,499,0.0089636892080307,8.905379056930542,0.020192470401525497,0.011895326897501944,-0.04911374673247337,0.014795552007853985,1591802522.7642696,0.008297143504023552,9.904630132950842e-06,1,0.00028961486532352865,0.0008152630180120468,0.0040384940803050995
58,amber-frost-6668,1,False,True,sgdm,500,,nin_adjusted,,v3,depth,june10_v3,0.001,complexity.pacbayes_flatness_adjusted1,False,pacbayes_flatness,True,0.23870880901813507,0.002166988328099251,499,0.07985453307628632,9.424030542373655,0.010834941640496254,0.006828002166002989,0.006636952515691519,0.009352515451610088,1591802518.9345906,0.004006939474493265,3.0615653940913035e-06,4,0.0014446311397477984,0.00038127537118270993,0.002166988328099251
59,divine-haze-6669,1,False,True,sgdm,500,,nin_adjusted,,v3,depth,june10_v3,0.001,complexity.log_sum_of_spec_over_margin_adjusted1,False,log_sum_of_spec_over_margin,True,0.329740434885025,0.003803730709478259,499,0.00827042292803526,9.356232166290283,0.01901865378022194,0.011228256858885288,0.025872061029076576,0.01592463254928589,1591802519.3868957,0.007790396921336651,1.4895759704813829e-05,2,-0.01193349901586771,0.0011141408467665317,0.003803730709478259
60,misty-pyramid-6666,1,False,True,sgdm,500,,nin_adjusted,,v3,depth,june10_v3,0.001,complexity.pacbayes_mag_flatness_adjusted1,False,pacbayes_mag_flatness,True,0.24998940527439115,0.0025121134240180254,499,0.06971888989210129,9.517991065979004,0.012560566887259483,0.0037950342521071434,-0.00549528282135725,0.00930594652891159,1591802518.688661,0.00876553263515234,1.29040618048748e-05,4,-0.007022250443696976,0.00029678537975996733,0.0025121134240180254
61,fiery-firebrand-6666,1,False,True,sgdm,500,,nin_adjusted,,v3,depth,june10_v3,0.001,complexity.pacbayes_init_adjusted1,False,pacbayes_init,True,0.26047465205192566,0.002242357935756445,499,0.08854681253433228,9.384567260742188,0.011211789213120936,0.002043165033683181,-0.004985600709915161,0.008736533112823963,1591802518.652534,0.009168623946607111,1.5693556633777916e-05,3,-0.0007184843416325748,3.6872424971079454e-05,0.002242357935756445
62,hardy-thunder-6664,1,False,True,sgdm,500,,nin_adjusted,,v3,depth,june10_v3,0.001,complexity.pacbayes_mag_orig_adjusted1,False,pacbayes_mag_orig,True,0.28363439440727234,0.003609795588999986,499,0.015221296809613705,10.58020305633545,0.01804897747933865,0.012794429436326029,0.022211669012904167,0.016060562804341316,1591802516.5659623,0.005254548043012619,6.270130143093411e-06,2,-0.008557756431400776,0.0009238371858373284,0.003609795588999986
63,firm-resonance-6665,1,False,True,sgdm,500,,nin_adjusted,,v3,depth,june10_v3,0.001,complexity.pacbayes_mag_init_adjusted1,False,pacbayes_mag_init,True,0.287537157535553,0.0037049115635454655,499,0.026237739250063896,10.32713222503662,0.01852455735206604,0.012352153658866882,-0.04399414733052254,0.015301804058253763,1591802516.6994052,0.006172403693199158,4.786291810887633e-06,1,0.01252540573477745,0.0008085270528681576,0.0037049115635454655
64,restful-yogurt-6663,1,False,True,sgdm,500,,nin_adjusted,,v3,depth,june10_v3,0.001,complexity.pacbayes_orig_adjusted1,False,pacbayes_orig,True,0.23620882630348208,0.0024198885075747967,499,0.06420388072729111,10.6970374584198,0.012099442072212696,0.00816416833549738,0.006958582438528538,0.01045185513794422,1591802515.473542,0.003935273736715317,3.456259719314403e-06,3,0.003015373833477497,0.0005054095527157187,0.0024198885075747967
65,helpful-planet-6661,1,False,True,sgdm,500,,nin_adjusted,,v3,depth,june10_v3,0.001,complexity.path_norm_adjusted1,False,path_norm,True,0.2788877785205841,0.0030730015132576227,499,0.06943293660879135,11.112534284591677,0.01536500733345747,0.0016657018568366766,-0.005775020457804203,0.01126874890178442,1591802514.5632553,0.01369930524379015,3.421564542804845e-05,3,0.0019379619043320415,6.389963527908549e-05,0.0030730015132576227
66,classic-frost-6662,1,False,True,sgdm,500,,nin_adjusted,,v3,depth,june10_v3,0.001,complexity.param_norm_adjusted1,False,param_norm,True,0.3360867500305176,0.0036583193577826023,499,0.0744248554110527,11.040582656860352,0.018291596323251724,0.011911620385944843,-0.04654620215296745,0.01413697749376297,1591802514.7302697,0.006379975937306881,5.8664754760684446e-06,1,-0.019284149631857872,0.0007975043845362961,0.0036583193577826023
67,restful-shape-6659,1,False,True,sgdm,500,,nin_adjusted,,v3,depth,june10_v3,0.001,complexity.log_spec_orig_main_adjusted1,False,log_spec_orig_main,True,0.3192538321018219,0.003910986240953207,499,0.0,11.023221731185911,0.01955493167042732,0.01275911182165146,0.02103552222251892,0.016954530030488968,1591802513.2341115,0.006795819848775864,1.04502241811133e-05,4,-0.0017451144522055984,0.0008631594246253371,0.003910986240953207
68,cerulean-donkey-6660,1,False,True,sgdm,500,,nin_adjusted,,v3,depth,june10_v3,0.001,complexity.path_norm_over_margin_adjusted1,False,path_norm_over_margin,True,0.263797789812088,0.003241317812353373,499,0.06993988901376724,10.971561908721924,0.016206588596105576,0.0020734085701406,-0.013822389766573906,0.011352094821631908,1591802513.908604,0.014133179560303688,3.402374932193197e-05,3,0.00775583041831851,7.861549966037273e-05,0.003241317812353373
69,sandy-jazz-6658,1,False,True,sgdm,500,,nin_adjusted,,v3,width,june10_v3,0.001,complexity.path_norm_adjusted1,True,path_norm,True,0.2728992998600006,0.003350634127855301,499,0.0010000000474974513,11.211031436920166,0.016753170639276505,0.016345376148819923,2.553861122578382e-09,0.01650581881403923,1591802512.8572357,0.0004077944904565811,2.8336078372603882e-08,0,0.0,5.179269919608487e-06,0.003350634127855301
70,cosmic-bee-6657,1,False,True,sgdm,500,,nin_adjusted,,v3,width,june10_v3,0.001,complexity.dist_spec_init_adjusted1,False,dist_spec_init,True,0.2724395990371704,0.002352034207433462,499,0.07135888189077377,11.415162801742554,0.011760171502828598,0.01113048940896988,7.144990377128124e-09,0.011402452364563942,1591802512.56333,0.0006296820938587189,6.780491901281493e-08,0,-9.276845958083867e-10,5.6178378144977614e-06,0.002352034207433462
71,dandy-violet-6655,1,False,True,sgdm,500,,nin_adjusted,,v3,width,june10_v3,0.001,complexity.fro_dist_adjusted1,False,fro_dist,True,0.3030622899532318,0.002279441338032484,499,0.0817226767539978,11.028287649154665,0.011397207155823708,0.009497116319835186,0.020181113854050636,0.010131306946277618,1591802511.6740804,0.0019000908359885216,5.735101922255126e-07,1,0.004131706897169352,0.00037059406167827547,0.002279441338032484
72,smart-bird-6655,1,False,True,sgdm,500,,nin_adjusted,,v3,width,june10_v3,0.001,complexity.fro_over_spec_adjusted1,False,fro_over_spec,True,0.261125385761261,0.002774206455796957,499,0.04572710394859314,11.078473806381226,0.013871031813323498,0.012883801944553852,-0.00733967637643218,0.013249130919575691,1591802511.478217,0.0009872298687696457,1.5616937787399365e-07,0,-0.004271155223250389,5.750667696702294e-05,0.002774206455796957
73,youthful-vortex-6654,1,False,True,sgdm,500,,nin_adjusted,,v3,width,june10_v3,0.001,complexity.inverse_margin_adjusted1,False,inverse_margin,True,0.26987066864967346,0.0021303382236510515,499,0.07704965770244598,10.670904397964478,0.010651690885424614,0.010129690170288086,3.579771146178245e-09,0.0103157302364707,1591802508.7683258,0.000522000715136528,4.19103756144068e-08,0,-1.4006218407303095e-09,2.0665106603701133e-07,0.0021303382236510515
74,neat-bee-6653,1,False,True,sgdm,500,,nin_adjusted,,v3,width,june10_v3,0.001,complexity.log_prod_of_fro_adjusted1,False,log_prod_of_fro,True,0.2728992998600006,0.003350634127855301,499,0.0,10.197480201721191,0.016753170639276505,0.016345376148819923,2.553861122578382e-09,0.01650581881403923,1591802506.5916808,0.0004077944904565811,2.8336078372603882e-08,0,0.01380311604589224,5.179269919608487e-06,0.003350634127855301
75,cosmic-pond-6652,1,False,True,sgdm,500,,nin_adjusted,,v3,width,june10_v3,0.001,complexity.log_prod_of_fro_over_margin_adjusted1,False,log_prod_of_fro_over_margin,True,0.2728992998600006,0.003350634127855301,499,0.0,10.252508163452148,0.016753170639276505,0.016345376148819923,2.553861122578382e-09,0.01650581881403923,1591802503.405723,0.0004077944904565811,2.8336078372603882e-08,0,0.013791371136903765,5.179269919608487e-06,0.003350634127855301
76,rose-energy-6651,1,False,True,sgdm,500,,nin_adjusted,,v3,width,june10_v3,0.001,complexity.log_prod_of_spec_adjusted1,False,log_prod_of_spec,True,0.2728992998600006,0.003350634127855301,499,0.0,10.307552337646484,0.016753170639276505,0.016345376148819923,2.553861122578382e-09,0.01650581881403923,1591802503.008686,0.0004077944904565811,2.8336078372603882e-08,0,0.013870271854102612,5.179269919608487e-06,0.003350634127855301
77,fresh-shape-6649,1,False,True,sgdm,500,,nin_adjusted,,v3,width,june10_v3,0.001,complexity.log_prod_of_spec_over_margin_adjusted1,False,log_prod_of_spec_over_margin,True,0.2728992998600006,0.003350634127855301,499,0.0,10.10104513168335,0.016753170639276505,0.016345376148819923,2.553861122578382e-09,0.01650581881403923,1591802501.9334955,0.0004077944904565811,2.8336078372603882e-08,0,0.013829592615365982,5.179269919608487e-06,0.003350634127855301
78,vivid-wood-6649,1,False,True,sgdm,500,,nin_adjusted,,v3,width,june10_v3,0.001,complexity.log_sum_of_fro_adjusted1,False,log_sum_of_fro,True,0.2837955355644226,0.0027899066917598248,499,0.05090922862291336,10.135149955749512,0.013949533924460413,0.012651771306991575,-0.011364039033651352,0.013109761290252209,1591802501.9325037,0.001297762617468834,2.612878517993522e-07,0,-0.001353978761471808,7.51404877519235e-05,0.0027899066917598248
79,wandering-haze-6648,1,False,True,sgdm,500,,nin_adjusted,,v3,width,june10_v3,0.001,complexity.log_sum_of_fro_over_margin_adjusted1,False,log_sum_of_fro_over_margin,True,0.28292834758758545,0.0028492140118032694,499,0.04826851561665535,10.29037070274353,0.014246069826185703,0.013039001263678074,-0.010722042992711067,0.013468983583152294,1591802500.43888,0.0012070685625076294,2.2530230125994427e-07,0,-0.0013450271217152476,6.697456410620362e-05,0.0028492140118032694
80,pleasant-plasma-6647,1,False,True,sgdm,500,,nin_adjusted,,v3,width,june10_v3,0.001,complexity.log_sum_of_spec_adjusted1,False,log_sum_of_spec,True,0.27249783277511597,0.0027902896981686354,499,0.0526031032204628,10.16128420829773,0.01395144872367382,0.013391205109655855,-0.0003222195664420724,0.013619327917695044,1591802499.899006,0.0005602436140179634,5.8681990822151426e-08,0,-0.00016624652198515832,2.9974436984048225e-05,0.0027902896981686354
81,daily-star-6646,1,False,True,sgdm,500,,nin_adjusted,,v3,width,june10_v3,0.001,complexity.log_sum_of_spec_over_margin_adjusted1,False,log_sum_of_spec_over_margin,True,0.2785731554031372,0.0028781781438738108,499,0.04925835132598877,10.321064949035645,0.01439089048653841,0.013939382508397102,0.00890125147998333,0.01414960902184248,1591802498.5192082,0.00045150797814130783,4.5457252184633035e-08,1,0.0009203472873196006,7.68976824474521e-05,0.0028781781438738108
82,earnest-shape-6645,1,False,True,sgdm,500,,nin_adjusted,,v3,width,june10_v3,0.001,complexity.pacbayes_flatness_adjusted1,False,pacbayes_flatness,True,0.2701963484287262,0.0020465597044676542,499,0.08250267803668976,10.56729245185852,0.010232798755168917,0.008988971821963787,-0.010519049130380154,0.009411385282874107,1591802497.8628206,0.0012438269332051275,2.648953056905157e-07,0,-0.0029387350659817457,8.460693061351776e-05,0.0020465597044676542
83,fiery-deluge-6643,1,False,True,sgdm,500,,nin_adjusted,,v3,width,june10_v3,0.001,complexity.pacbayes_mag_flatness_adjusted1,False,pacbayes_mag_flatness,True,0.26281946897506714,0.0016167743597179651,499,0.08760342746973038,10.749152898788452,0.008083871565759182,0.007672625128179789,1.064108801074326e-08,0.00788845308125019,1591802495.8575957,0.0004112464375793934,2.579185931494976e-08,0,1.0804797057062387e-09,2.767321166174952e-05,0.0016167743597179651
84,deep-frog-6644,1,False,True,sgdm,500,,nin_adjusted,,v3,width,june10_v3,0.001,complexity.pacbayes_init_adjusted1,False,pacbayes_init,True,0.257406085729599,0.00198968593031168,499,0.07436035573482513,10.9566490650177,0.0099484296515584,0.008052857592701912,-0.01009506080299616,0.008705487474799156,1591802496.6680267,0.0018955720588564873,5.652163395097887e-07,0,-0.0038767377845942974,0.00011501158587634563,0.00198968593031168
85,dauntless-eon-6642,1,False,True,sgdm,500,,nin_adjusted,,v3,width,june10_v3,0.001,complexity.pacbayes_mag_init_adjusted1,False,pacbayes_mag_init,True,0.2773893177509308,0.00325615587644279,499,0.027160994708538055,11.051813840866089,0.016280779615044594,0.01500784233212471,0.016413163393735886,0.015472819097340109,1591802495.5654848,0.0012729372829198835,2.530414917600865e-07,1,0.008087451569736004,0.0001978998479899019,0.00325615587644279
86,fluent-sponge-6640,1,False,True,sgdm,500,,nin_adjusted,,v3,width,june10_v3,0.001,complexity.pacbayes_orig_adjusted1,False,pacbayes_orig,True,0.2457387000322342,0.0024538678117096424,499,0.049147024750709534,10.545799732208252,0.012269338592886925,0.010218131355941296,0.020038533955812458,0.010891870595514774,1591802494.065292,0.002051207236945629,6.85603765759879e-07,1,0.0032893933821469545,0.00028395582921803,0.0024538678117096424
87,woven-haze-6641,1,False,True,sgdm,500,,nin_adjusted,,v3,width,june10_v3,0.001,complexity.pacbayes_mag_orig_adjusted1,False,pacbayes_mag_orig,True,0.2738640308380127,0.0032217036932706833,499,0.02194109931588173,10.745057106018066,0.016108518466353416,0.015338770113885404,-0.004472356755286455,0.015644347295165062,1591802494.6717143,0.0007697483524680138,1.020609161628272e-07,0,-0.0023325281217694283,6.372742063831538e-05,0.0032217036932706833
88,misunderstood-field-6638,1,False,True,sgdm,500,,nin_adjusted,,v3,width,june10_v3,0.001,complexity.param_norm_adjusted1,False,param_norm,True,0.2590101361274719,0.0026069791056215763,499,0.05121714994311333,10.585602045059204,0.013034895062446594,0.011636987328529358,-0.011672268621623516,0.012149578891694546,1591802493.75735,0.0013979077339172363,3.06653589632333e-07,0,-0.005215887445956469,0.00010286604810971768,0.0026069791056215763
89,revived-sky-6638,1,False,True,sgdm,500,,nin_adjusted,,v3,width,june10_v3,0.001,complexity.path_norm_adjusted1,False,path_norm,True,0.26515698432922363,0.0022856472060084343,499,0.06657183170318604,10.903143882751465,0.011428236030042171,0.010997307486832142,5.857145879417658e-10,0.011199524626135826,1591802493.7981627,0.0004309285432100296,2.573028190511195e-08,0,-3.1759554985910654e-09,1.3366315215534996e-05,0.0022856472060084343
90,swept-sponge-6637,1,False,True,sgdm,500,,nin_adjusted,,v3,width,june10_v3,0.001,complexity.path_norm_over_margin_adjusted1,False,path_norm_over_margin,True,0.26363950967788696,0.00230012321844697,499,0.06414607912302017,10.694633722305298,0.011500616557896136,0.011083045043051245,9.298673830926418e-09,0.011268851347267628,1591802490.972399,0.0004175715148448944,2.2958904111192172e-08,0,-8.258211892098187e-10,2.3703587430645712e-05,0.00230012321844697
91,rosy-night-6636,1,False,True,sgdm,500,,nin_adjusted,,v3,width,june10_v3,0.001,complexity.log_spec_orig_main_adjusted1,False,log_spec_orig_main,True,0.2728992998600006,0.003350634127855301,499,0.0,10.263912916183472,0.016753170639276505,0.016345376148819923,2.553861122578382e-09,0.01650581881403923,1591802486.7791412,0.0004077944904565811,2.8336078372603882e-08,0,0.01364957820624113,5.179269919608487e-06,0.003350634127855301
92,vague-morning-6635,1,False,True,sgdm,500,,nin_adjusted,,v3,lr,june10_v3,0.001,complexity.path_norm_adjusted1,True,path_norm,True,0.2973315119743347,0.003834179835394025,499,0.0010000000474974513,10.786894798278809,0.01917089894413948,0.015459428541362286,-7.159542292356491e-09,0.017238691449165344,1591802486.7972276,0.003711470402777195,2.122898877132684e-06,2,0.0,0.0003979095781687647,0.003834179835394025
93,proud-sound-6632,1,False,True,sgdm,500,,nin_adjusted,,v3,lr,june10_v3,0.001,complexity.fro_dist_adjusted1,False,fro_dist,True,0.27796441316604614,0.0022233149502426386,499,0.08495330065488815,10.486856937408447,0.01111657451838255,0.008231565356254578,-7.945345714688301e-09,0.009349020197987556,1591802485.3313992,0.0028850091621279716,1.5278525324902148e-06,2,-2.65572452917695e-09,3.083630872424692e-05,0.0022233149502426386
94,neat-disco-6632,1,False,True,sgdm,500,,nin_adjusted,,v3,lr,june10_v3,0.001,complexity.fro_over_spec_adjusted1,False,fro_over_spec,True,0.2819880247116089,0.0032297205179929733,499,0.04983121156692505,10.439416646957396,0.016148602589964867,0.010631727986037731,-4.700268618762493e-09,0.013352316804230211,1591802485.3167105,0.0055168746039271355,5.128225893713534e-06,2,-8.576535037718713e-09,5.589721695287153e-05,0.0032297205179929733
95,quiet-serenity-6634,1,False,True,sgdm,500,,nin_adjusted,,v3,lr,june10_v3,0.001,complexity.dist_spec_init_adjusted1,False,dist_spec_init,True,0.28378966450691223,0.0026396275497972965,499,0.07246197015047073,10.34779667854309,0.013198137283325195,0.010727740824222565,-0.007676331326365471,0.011553778313100338,1591802485.558077,0.0024703964591026306,1.0487049166840734e-06,2,-0.0029928083531558514,0.0002455207868479192,0.0026396275497972965
96,rare-snowball-6631,1,False,True,sgdm,500,,nin_adjusted,,v3,lr,june10_v3,0.001,complexity.inverse_margin_adjusted1,False,inverse_margin,True,0.28637465834617615,0.002410005545243621,499,0.08041952550411224,10.193012714385986,0.012050027959048748,0.0097815478220582,-0.008854815736413002,0.01054690219461918,1591802484.045735,0.002268480136990547,8.350149869329471e-07,2,-0.004399816505610943,0.0003537951270118356,0.002410005545243621
97,upbeat-field-6630,1,False,True,sgdm,500,,nin_adjusted,,v3,lr,june10_v3,0.001,complexity.log_prod_of_fro_adjusted1,False,log_prod_of_fro,True,0.2973315119743347,0.003834179835394025,499,0.0,10.08531141281128,0.01917089894413948,0.01545943133533001,4.773028194904327e-09,0.017238691449165344,1591802483.1457293,0.003711467608809471,2.1228954665275523e-06,2,0.021661000326275826,0.00039791027666069567,0.003834179835394025
98,smart-cherry-6629,1,False,True,sgdm,500,,nin_adjusted,,v3,lr,june10_v3,0.001,complexity.log_prod_of_fro_over_margin_adjusted1,False,log_prod_of_fro_over_margin,True,0.2973315119743347,0.003834179835394025,499,0.0,10.116048574447632,0.01917089894413948,0.01545943133533001,4.773028194904327e-09,0.017238691449165344,1591802480.6966531,0.003711467608809471,2.1228954665275523e-06,2,0.021693680435419083,0.00039791027666069567,0.003834179835394025
99,brisk-puddle-6628,1,False,True,sgdm,500,,nin_adjusted,,v3,lr,june10_v3,0.001,complexity.log_prod_of_spec_adjusted1,False,log_prod_of_spec,True,0.29733148217201233,0.003834179835394025,499,0.0,10.155229091644289,0.01917089894413948,0.015459428541362286,-7.159542292356491e-09,0.017238691449165344,1591802478.9287777,0.003711470402777195,2.122898877132684e-06,2,0.0198188629001379,0.0003979095781687647,0.003834179835394025
100,legendary-glitter-6627,1,False,True,sgdm,500,,nin_adjusted,,v3,lr,june10_v3,0.001,complexity.log_prod_of_spec_over_margin_adjusted1,False,log_prod_of_spec_over_margin,True,0.29733148217201233,0.003834179835394025,499,0.0,10.36974835395813,0.01917089894413948,0.015459428541362286,-7.159542292356491e-09,0.017238691449165344,1591802478.4359715,0.003711470402777195,2.122898877132684e-06,2,0.019905246794223785,0.0003979095781687647,0.003834179835394025
101,trim-blaze-6626,1,False,True,sgdm,500,,nin_adjusted,,v3,lr,june10_v3,0.001,complexity.log_sum_of_fro_adjusted1,False,log_sum_of_fro,True,0.2861782908439636,0.0031554526649415493,499,0.058259762823581696,10.384042739868164,0.015777263790369034,0.010493696667253973,6.773916538804769e-09,0.013205304741859436,1591802477.632305,0.005283567123115063,4.539605470199604e-06,2,1.0986695997416971e-09,0.00012239813804626465,0.0031554526649415493
102,smart-flower-6624,1,False,True,sgdm,500,,nin_adjusted,,v3,lr,june10_v3,0.001,complexity.log_sum_of_spec_adjusted1,False,log_sum_of_spec,True,0.2964751422405243,0.0031808787025511265,499,0.05662891268730163,10.153455018997192,0.015904393047094345,0.012564956210553646,3.383320290595293e-09,0.01426059938967228,1591802476.4933107,0.003339436836540699,1.636369233892765e-06,2,1.102307578548789e-09,0.00038382233469747007,0.0031808787025511265
103,different-river-6625,1,False,True,sgdm,500,,nin_adjusted,,v3,lr,june10_v3,0.001,complexity.log_sum_of_fro_over_margin_adjusted1,False,log_sum_of_fro_over_margin,True,0.28727206587791443,0.003250949550420046,499,0.05386748909950256,9.941108226776125,0.016254747286438942,0.010822595097124577,-2.1755113266408443e-09,0.013618109747767448,1591802476.8760767,0.005432152189314365,4.782061751029687e-06,2,5.620677256956697e-10,0.0001373063714709133,0.003250949550420046
104,ethereal-jazz-6623,1,False,True,sgdm,500,,nin_adjusted,,v3,lr,june10_v3,0.001,complexity.log_sum_of_spec_over_margin_adjusted1,False,log_sum_of_spec_over_margin,True,0.296718031167984,0.0032821944914758205,499,0.05206899344921112,10.255059957504272,0.01641097292304039,0.012822757475078106,-2.3799657355993983e-08,0.014653178863227367,1591802474.0983076,0.003588215447962284,1.9030783278140009e-06,2,1.960870577022433e-09,0.0003855570103041828,0.0032821944914758205
105,wandering-oath-6622,1,False,True,sgdm,500,,nin_adjusted,,v3,lr,june10_v3,0.001,complexity.pacbayes_flatness_adjusted1,False,pacbayes_flatness,True,0.2819329798221588,0.0020821625366806984,499,0.08883102983236313,11.276830673217772,0.010410812683403492,0.00843528937548399,-7.22138793207705e-09,0.00933715794235468,1591802470.0275264,0.0019755233079195023,6.574778694812267e-07,2,-5.893525667488575e-10,8.2212827692274e-05,0.0020821625366806984
106,winter-frost-6621,1,False,True,sgdm,500,,nin_adjusted,,v3,lr,june10_v3,0.001,complexity.pacbayes_init_adjusted1,False,pacbayes_init,True,0.2660282552242279,0.001949807861819863,499,0.09000355005264282,12.13005232810974,0.009749039076268671,0.007813243195414543,4.3401087168604136e-09,0.008586868643760681,1591802469.5034676,0.0019357958808541296,6.600690767299966e-07,2,5.638867150992154e-10,5.801404313388048e-06,0.001949807861819863
107,chocolate-sunset-6620,1,False,True,sgdm,500,,nin_adjusted,,v3,lr,june10_v3,0.001,complexity.pacbayes_mag_flatness_adjusted1,False,pacbayes_mag_flatness,True,0.2917572557926178,0.001638372661545873,499,0.11020878702402116,9.434787034988403,0.00819186307489872,0.007622807286679745,-0.004002762027084827,0.007870981469750404,1591802465.8710244,0.0005690557882189751,5.1097174491587793e-08,2,-0.002270134398713708,6.215677422005683e-05,0.001638372661545873
108,faithful-sky-6619,1,False,True,sgdm,500,,nin_adjusted,,v3,lr,june10_v3,0.001,complexity.pacbayes_mag_init_adjusted1,False,pacbayes_mag_init,True,0.29652082920074463,0.0035999957472085953,499,0.03372526913881302,13.515385627746582,0.017999978736042976,0.013647541403770449,-9.167706593871117e-09,0.015858829021453857,1591802469.0732498,0.00435243733227253,2.899363835240365e-06,2,6.692971510346979e-09,0.000359128403943032,0.0035999957472085953
109,dutiful-morning-6617,1,False,True,sgdm,500,,nin_adjusted,,v3,lr,june10_v3,0.001,complexity.pacbayes_orig_adjusted1,False,pacbayes_orig,True,0.27140191197395325,0.002492677653208375,499,0.07422811537981033,14.917527675628662,0.012463388033211231,0.008219747804105282,1.1859810911118982e-09,0.010197581723332403,1591802467.8320355,0.004243640229105949,3.177608732585213e-06,2,-1.1459633242338896e-09,5.932985459367046e-06,0.002492677653208375
110,pleasant-sunset-6617,1,False,True,sgdm,500,,nin_adjusted,,v3,lr,june10_v3,0.001,complexity.pacbayes_mag_orig_adjusted1,False,pacbayes_mag_orig,True,0.2971474826335907,0.003663206938654184,499,0.02940228395164013,14.757055759429932,0.01831603422760963,0.014128169044852257,-7.566995918750762e-10,0.016264235600829124,1591802467.9106853,0.004187865182757378,2.6525594876147807e-06,2,-2.0736479200422764e-10,0.0003834950330201536,0.003663206938654184
111,zesty-smoke-6616,1,False,True,sgdm,500,,nin_adjusted,,v3,lr,june10_v3,0.001,complexity.path_norm_adjusted1,False,path_norm,True,0.2705775201320648,0.0023282761685550213,499,0.0683475211262703,19.504881858825684,0.01164138037711382,0.010959346778690817,-0.009942157194018364,0.011259173043072224,1591802464.5186424,0.0006820335984230042,8.037832088803044e-08,0,0.0021416721865534782,5.340189818525687e-05,0.0023282761685550213
112,wandering-field-6615,1,False,True,sgdm,500,,nin_adjusted,,v3,lr,june10_v3,0.001,complexity.param_norm_adjusted1,False,param_norm,True,0.2852138876914978,0.0029400750063359737,499,0.0617789551615715,12.77144980430603,0.014700375497341156,0.00976751744747162,-1.8189894035458563e-09,0.012218918651342392,1591802460.9639573,0.004932858049869537,4.009272743132897e-06,2,3.237801138311624e-10,9.500456508249044e-05,0.0029400750063359737
113,cerulean-planet-6614,1,False,True,sgdm,500,,nin_adjusted,,v3,lr,june10_v3,0.001,complexity.path_norm_over_margin_adjusted1,False,path_norm_over_margin,True,0.25949907302856445,0.0023490223102271557,499,0.07794829457998276,8.930017232894897,0.011745112016797066,0.011071144603192806,-0.011441594921052456,0.011396115645766258,1591802452.2795556,0.0006739674136042595,9.27237948644688e-08,0,0.003776868572458625,7.367350917775184e-05,0.0023490223102271557
114,rose-voice-6613,1,False,True,sgdm,500,,nin_adjusted,,v3,all,june10_v3,0.001,complexity.path_norm_adjusted1,True,path_norm,True,0.28636640310287476,0.0011645046761259437,499,0.0010000000474974513,23.800652742385864,0.024454597383737564,0.00986927468329668,0.009109525941312311,0.017046531662344933,1591802460.6584342,0.014585322700440884,1.2502639947342686e-05,5,0.0,0.0008803581004031003,0.0011645046761259437
115,brisk-water-6612,1,False,True,sgdm,500,,nin_adjusted,,v3,lr,june10_v3,0.001,complexity.log_spec_orig_main_adjusted1,False,log_spec_orig_main,True,0.29733148217201233,0.003834179835394025,499,0.0,9.229830265045166,0.01917089894413948,0.015459428541362286,-7.159542292356491e-09,0.017238691449165344,1591802446.4197352,0.003711470402777195,2.122898877132684e-06,2,0.01991054229438305,0.0003979095781687647,0.003834179835394025
116,genial-cloud-6611,1,False,True,sgdm,500,,nin_adjusted,,v3,all,june10_v3,0.001,complexity.dist_spec_init_adjusted1,False,dist_spec_init,True,0.2874164581298828,0.0008867054712027311,499,0.0569269023835659,20.406431913375854,0.018620815128087997,0.005458685103803873,-0.00037223740946501493,0.01183084025979042,1591802455.7330103,0.013162130489945412,1.2488845641200896e-05,0,0.00020581443095579743,0.0004399085300974548,0.0008867054712027311
117,astral-lake-6610,1,False,True,sgdm,500,,nin_adjusted,,v3,all,june10_v3,0.001,complexity.fro_dist_adjusted1,False,fro_dist,True,0.27892592549324036,0.0007115690968930721,499,0.07762809842824936,21.30016589164734,0.014942950569093227,0.002431111643090844,-6.648406269960104e-10,0.009454382583498957,1591802454.1260445,0.012511839158833029,7.974758773343638e-06,0,-7.548806024715303e-11,0.00023834174498915672,0.0007115690968930721
118,clean-sun-6608,1,False,True,sgdm,500,,nin_adjusted,,v3,all,june10_v3,0.001,complexity.inverse_margin_adjusted1,False,inverse_margin,True,0.2504180371761322,0.0007943414384499192,499,0.08080688118934631,21.697107553482056,0.016681170091032982,0.005271682515740395,-0.0005421789828687906,0.01070383656769991,1591802453.5478911,0.011409487575292587,6.547777047671843e-06,0,-0.0012939658481627705,0.00034515117295086384,0.0007943414384499192
119,distinctive-fire-6609,1,False,True,sgdm,500,,nin_adjusted,,v3,all,june10_v3,0.001,complexity.fro_over_spec_adjusted1,False,fro_over_spec,True,0.2642124891281128,0.0010096331825479865,499,0.05441030114889145,21.578510522842407,0.021202296018600464,0.006751687731593847,-0.002403430873528123,0.013199125416576862,1591802453.8175862,0.01445060782134533,1.326303117821226e-05,0,-7.668116450076923e-05,0.0004269788623787462,0.0010096331825479865
120,trim-star-6607,1,False,True,sgdm,500,,nin_adjusted,,v3,all,june10_v3,0.001,complexity.log_prod_of_fro_adjusted1,False,log_prod_of_fro,True,0.28636640310287476,0.0011645046761259437,499,0.0,21.67010474205017,0.024454597383737564,0.00986927468329668,0.009109525941312311,0.017046531662344933,1591802444.5190835,0.014585322700440884,1.2502639947342686e-05,5,0.00756425317376852,0.0008803581004031003,0.0011645046761259437
121,dashing-forest-6606,1,False,True,sgdm,500,,nin_adjusted,,v3,all,june10_v3,0.001,complexity.log_prod_of_fro_over_margin_adjusted1,False,log_prod_of_fro_over_margin,True,0.28636640310287476,0.0011645046761259437,499,0.0,23.32197141647339,0.024454597383737564,0.00986927468329668,0.009109525941312311,0.017046531662344933,1591802443.8626988,0.014585322700440884,1.2502639947342686e-05,5,0.007557169068604708,0.0008803581004031003,0.0011645046761259437
122,sandy-night-6605,1,False,True,sgdm,500,,nin_adjusted,,v3,all,june10_v3,0.001,complexity.log_prod_of_spec_adjusted1,False,log_prod_of_spec,True,0.28636640310287476,0.0011645046761259437,499,0.0,23.39968204498291,0.024454597383737564,0.00986927468329668,0.009109525941312311,0.017046531662344933,1591802442.8176303,0.014585322700440884,1.2502639947342686e-05,5,0.007348269689828157,0.0008803581004031003,0.0011645046761259437
123,devout-grass-6604,1,False,True,sgdm,500,,nin_adjusted,,v3,all,june10_v3,0.001,complexity.log_prod_of_spec_over_margin_adjusted1,False,log_prod_of_spec_over_margin,True,0.28636640310287476,0.0011645046761259437,499,0.0,21.37405228614807,0.024454597383737564,0.00986927468329668,0.009109525941312311,0.017046531662344933,1591802433.039841,0.014585322700440884,1.2502639947342686e-05,5,0.007323731668293476,0.0008803581004031003,0.0011645046761259437
124,stellar-elevator-6603,1,False,True,sgdm,500,,nin_adjusted,,v3,all,june10_v3,0.001,complexity.log_sum_of_fro_adjusted1,False,log_sum_of_fro,True,0.26995784044265747,0.0009796209633350372,499,0.06515409052371979,20.020300149917603,0.020572040230035785,0.005800400394946337,0.007403951603919268,0.013063845224678516,1591802429.683659,0.014771640300750732,1.346006047242554e-05,5,0.002709745429456234,0.0004705654864665121,0.0009796209633350372
125,elated-brook-6602,1,False,True,sgdm,500,,nin_adjusted,,v3,all,june10_v3,0.001,complexity.log_sum_of_fro_over_margin_adjusted1,False,log_sum_of_fro_over_margin,True,0.2538391351699829,0.0010141601087525487,499,0.07066622376441956,16.513641119003296,0.021297361701726913,0.007271499838680029,-0.00258570327423513,0.013716603629291058,1591802425.1474028,0.014025861397385595,1.2709819202427752e-05,0,-0.0010150019079446793,0.0004426782834343612,0.0010141601087525487
126,mild-eon-6601,1,False,True,sgdm,500,,nin_adjusted,,v3,all,june10_v3,0.001,complexity.log_sum_of_spec_adjusted1,False,log_sum_of_spec,True,0.27354854345321655,0.0010108702117577195,499,0.06688646227121353,16.35481882095337,0.021228274330496788,0.006975619122385979,-0.0021339310333132744,0.013657097704708576,1591802424.27686,0.01425265520811081,1.3317303455551157e-05,0,-0.0004349389928393066,0.00046415728866122663,0.0010108702117577195
127,treasured-resonance-6600,1,False,True,sgdm,500,,nin_adjusted,,v3,all,june10_v3,0.001,complexity.log_sum_of_spec_over_margin_adjusted1,False,log_sum_of_spec_over_margin,True,0.2705283761024475,0.0010498525807633996,499,0.05182832106947899,18.323858499526978,0.022046903148293495,0.007480083499103784,-0.0036201290786266327,0.013949649408459663,1591802423.138019,0.014566820114850998,1.3337211385078264e-05,0,-0.001868599560111761,0.0004757751012220979,0.0010498525807633996
128,bumbling-sponge-6599,1,False,True,sgdm,500,,nin_adjusted,,v3,all,june10_v3,0.001,complexity.pacbayes_flatness_adjusted1,False,pacbayes_flatness,True,0.2401261925697327,0.0006534260464832187,499,0.0966428369283676,16.94624376296997,0.013721946626901628,0.007583381608128548,-0.00014066566654946655,0.010566486977040768,1591802421.391914,0.006138565018773079,2.3318518742598826e-06,0,-0.0018035339890047908,0.0004021638596896082,0.0006534260464832187
129,dry-lion-6598,1,False,True,sgdm,500,,nin_adjusted,,v3,all,june10_v3,0.001,complexity.pacbayes_init_adjusted1,False,pacbayes_init,True,0.2965574264526367,0.0006560987676493824,499,0.0727343037724495,19.295135974884033,0.013778073713183405,0.002149271545931697,-0.00013143624528311193,0.00942838005721569,1591802418.9813015,0.011628801934421062,7.446696599799907e-06,0,-0.0001263255689991638,0.00037955126026645303,0.0006560987676493824
130,copper-planet-6597,1,False,True,sgdm,500,,nin_adjusted,,v3,all,june10_v3,0.001,complexity.pacbayes_mag_flatness_adjusted1,False,pacbayes_mag_flatness,True,0.2642851769924164,0.0005579939461313188,499,0.09685732424259186,19.124982833862305,0.011717872694134712,0.0024451357312500477,7.275957614183426e-11,0.007861441932618618,1591802418.7749994,0.009272737428545952,4.715640443464508e-06,0,-1.7712409317027775e-09,0.00016634400526527315,0.0005579939461313188
131,fine-deluge-6596,1,False,True,sgdm,500,,nin_adjusted,,v3,all,june10_v3,0.001,complexity.pacbayes_mag_init_adjusted1,False,pacbayes_mag_init,True,0.2889450490474701,0.0011451999889686704,499,0.02912760153412819,15.679860591888428,0.024049200117588043,0.008540437556803226,-0.005638280883431435,0.01536176446825266,1591802407.5866044,0.015508762560784817,1.2299705304030796e-05,0,-0.0009431979269720614,0.0005964386509731412,0.0011451999889686704
132,giddy-leaf-6595,1,False,True,sgdm,500,,nin_adjusted,,v3,all,june10_v3,0.001,complexity.pacbayes_mag_orig_adjusted1,False,pacbayes_mag_orig,True,0.281673789024353,0.0011489990865811706,499,0.01831188052892685,20.511432886123657,0.024128980934619904,0.008729995228350163,-0.006160445511341095,0.01591489091515541,1591802407.9015727,0.01539898570626974,1.2191228961455636e-05,0,-0.0012657487532123923,0.0006743922713212669,0.0011489990865811706
133,lilac-brook-6594,1,False,True,sgdm,500,,nin_adjusted,,v3,all,june10_v3,0.001,complexity.pacbayes_orig_adjusted1,False,pacbayes_orig,True,0.2734212875366211,0.0008122231811285019,499,0.07360443472862244,15.840821743011476,0.01705668680369854,0.004500880371779203,-6.960516475373879e-05,0.010246173478662968,1591802399.315244,0.012555805966258047,8.95039011084009e-06,0,0.0009960172465071082,0.00032796437153592706,0.0008122231811285019
134,swift-pine-6593,1,False,True,sgdm,500,,nin_adjusted,,v3,all,june10_v3,0.001,complexity.param_norm_adjusted1,False,param_norm,True,0.27477994561195374,0.0009349397150799632,499,0.05565107986330986,16.088985919952393,0.019633734598755836,0.006290768273174763,-0.0018389099277555945,0.012163197621703148,1591802397.306128,0.013342966325581074,1.1213607649551705e-05,0,-0.0007571137393824756,0.000396279530832544,0.0009349397150799632
135,firm-brook-6592,1,False,True,sgdm,500,,nin_adjusted,,v3,all,june10_v3,0.001,complexity.path_norm_adjusted1,False,path_norm,True,0.2873537540435791,0.0007812376134097576,499,0.0688617005944252,15.933629035949709,0.016405990347266197,0.0019897655583918095,-0.0034910421818494797,0.01163629163056612,1591802396.0802774,0.014416225254535677,9.143593160843013e-06,0,0.000927516317460686,0.0004344209155533463,0.0007812376134097576
136,swept-bush-6591,1,False,True,sgdm,500,,nin_adjusted,,v3,all,june10_v3,0.001,complexity.path_norm_over_margin_adjusted1,False,path_norm_over_margin,True,0.2926226556301117,0.0007651079213246703,499,0.07092554867267609,16.010507822036743,0.0160672664642334,0.003200768027454614,0.004474806133657694,0.01200768817216158,1591802394.706637,0.012866498902440073,7.885888408054598e-06,10,-0.0013531380100175738,0.0006007357151247561,0.0007651079213246703
137,deep-silence-6590,1,False,True,sgdm,500,,nin_adjusted,,v3,all,june10_v3,0.001,complexity.log_spec_orig_main_adjusted1,False,log_spec_orig_main,True,0.28636640310287476,0.0011645046761259437,499,0.0,15.454755783081056,0.024454597383737564,0.00986927468329668,0.009109525941312311,0.017046531662344933,1591802376.6560614,0.014585322700440884,1.2502639947342686e-05,5,0.007293305359780788,0.0008803581004031003,0.0011645046761259437
