,name,lr,rex,bias,optim,steps,dataset,datafile,datasize,exp_type,env_split,wandb_tag,weight_init,actual_measure,only_bias__ignore_input,selected_single_measure,nonnegative_weights_only,rex_penalty,bias_grad,risk_range,weight_grad,risk_max,risk_min,weight,train_mse,risk_argmax,bias,_step,_timestamp,irmv1_penalty,robustness_penalty,loss,_runtime
0,flowing-planet-161,1,False,True,sgdm,500,,nin.cifar10_svhn,,v2,train_size,sep24_v2,0.001,complexity.path_norm,True,path_norm,True,9.650826541474088e-05,-0.0012235241010785105,0.03383247181773186,0.0,0.03685928136110306,0.003026810009032488,0.0010000000474974513,0.017383906990289688,158,0.2941384017467499,499,1600963396,0.004074358846992254,0.00014743712381459773,0.00014743712381459773,104
1,super-eon-160,1,False,True,sgdm,500,,nin.cifar10_svhn,,v2,train_size,sep24_v2,0.001,complexity.dist_spec_init_fft,False,dist_spec_init,True,4.455485031940043e-05,0.0013391922693699598,0.02726667746901512,0.0009972534608095884,0.02821105532348156,0.0009443783201277256,0.02769214473664761,0.01327893603593111,129,0.2714005410671234,499,1600963379,0.002925716107711196,0.00011284422362223268,0.00011284422362223268,99
2,dulcet-darkness-159,1,False,True,sgdm,500,,nin.cifar10_svhn,,v2,train_size,sep24_v2,0.001,complexity.fro_dist,False,fro_dist,True,3.692386599141173e-05,-0.0010844171047210691,0.024495985358953476,-0.00237535173073411,0.02620300091803074,0.0017070149770006535,0.028178323060274124,0.012924113310873508,158,0.27341800928115845,499,1600963365,0.002923964522778988,0.00010481200297363102,0.00010481200297363102,91
3,vivid-sea-158,1,False,True,sgdm,500,,nin.cifar10_svhn,,v2,train_size,sep24_v2,0.001,complexity.fro_over_spec_fft,False,fro_over_spec,True,0.00010629183088894932,-0.0012651269789785149,0.03323369845747948,-0.00046219275100156665,0.03568524494767189,0.0024515478871762753,0.017648274078965187,0.016010209918022156,158,0.29139629006385803,499,1600963305,0.004175335634499788,0.00014274097338784486,0.00014274097338784486,65
4,feasible-disco-157,1,False,True,sgdm,500,,nin.cifar10_svhn,,v2,train_size,sep24_v2,0.001,complexity.inverse_margin,False,inverse_margin,True,9.352766937809064e-05,-0.0013247095048427582,0.03137507662177086,-0.00034170967410318553,0.03140938654541969,3.4308315662201494e-05,0.05877609923481941,0.011292018927633762,158,0.2878279387950897,499,1600963292,0.003536761272698641,0.0001256375398952514,0.0001256375398952514,62
5,eager-glade-155,1,False,True,sgdm,500,,nin.cifar10_svhn,,v2,train_size,sep24_v2,0.001,complexity.log_prod_of_fro_over_margin,False,log_prod_of_fro_over_margin,True,9.650826541474088e-05,-0.0012235241010785105,0.03383247181773186,0.0014363499358296394,0.03685928136110306,0.003026810009032488,0.0,0.017383906990289688,158,0.2941384017467499,499,1600963290,0.004074358846992254,0.00014743712381459773,0.00014743712381459773,64
6,stellar-silence-155,1,False,True,sgdm,500,,nin.cifar10_svhn,,v2,train_size,sep24_v2,0.001,complexity.log_prod_of_fro,False,log_prod_of_fro,True,9.650826541474088e-05,-0.0012235241010785105,0.03383247181773186,0.001422610250301659,0.03685928136110306,0.003026810009032488,0.0,0.017383906990289688,158,0.2941384017467499,499,1600963288,0.004074358846992254,0.00014743712381459773,0.00014743712381459773,61
7,wandering-wildflower-154,1,False,True,sgdm,500,,nin.cifar10_svhn,,v2,train_size,sep24_v2,0.001,complexity.log_prod_of_spec_fft,False,log_prod_of_spec,True,9.650826541474088e-05,-0.0012235241010785105,0.03383247181773186,0.00139535847119987,0.03685928136110306,0.003026810009032488,0.0,0.017383906990289688,158,0.2941384017467499,499,1600963287,0.004074358846992254,0.00014743712381459773,0.00014743712381459773,64
8,fallen-frost-153,1,False,True,sgdm,500,,nin.cifar10_svhn,,v2,train_size,sep24_v2,0.001,complexity.log_prod_of_spec_over_margin_fft,False,log_prod_of_spec_over_margin,True,9.650826541474088e-05,-0.0012235241010785105,0.03383247181773186,0.0014355522580444813,0.03685928136110306,0.003026810009032488,0.0,0.017383906990289688,158,0.2941384017467499,499,1600963275,0.004074358846992254,0.00014743712381459773,0.00014743712381459773,59
9,frosty-brook-152,1,False,True,sgdm,500,,nin.cifar10_svhn,,v2,train_size,sep24_v2,0.001,complexity.log_sum_of_fro,False,log_sum_of_fro,True,7.338828436331823e-05,0.0014158595586195588,0.030345283448696136,0.0010501821525394917,0.03137236461043358,0.0010270809289067984,0.030431877821683884,0.013146228156983852,192,0.2832581400871277,499,1600963273,0.0035671591758728027,0.00012548945960588753,0.00012548945960588753,63
10,stellar-galaxy-151,1,False,True,sgdm,500,,nin.cifar10_svhn,,v2,train_size,sep24_v2,0.001,complexity.log_sum_of_fro_over_margin,False,log_sum_of_fro_over_margin,True,7.246664608828723e-05,-0.0012394377263262868,0.02918647974729538,-0.0006584360380657017,0.030706737190485,0.0015202582580968738,0.028821498155593872,0.01376419235020876,183,0.28450435400009155,499,1600963261,0.0035967270378023386,0.00012282695388421416,0.00012282695388421416,64
11,helpful-elevator-150,1,False,True,sgdm,500,,nin.cifar10_svhn,,v2,train_size,sep24_v2,0.001,complexity.log_sum_of_spec_fft,False,log_sum_of_spec,True,4.2785781261045486e-05,0.0013777499552816153,0.03095347434282303,0.0012591067934408784,0.031207188963890076,0.00025371526135131717,0.06723590195178986,0.010923562571406364,129,0.24829287827014923,499,1600963254,0.002801182447001338,0.000124828758998774,0.000124828758998774,68
12,true-hill-149,1,False,True,sgdm,500,,nin.cifar10_svhn,,v2,train_size,sep24_v2,0.001,complexity.log_sum_of_spec_over_margin_fft,False,log_sum_of_spec_over_margin,True,5.749829870183021e-05,-0.0012894358951598406,0.03263354301452637,-0.0011749498080462215,0.03383195772767067,0.0011984150623902678,0.03319709748029709,0.012855298817157744,158,0.2714928686618805,499,1600963221,0.0032747862860560417,0.00013532783486880362,0.00013532783486880362,64
13,vague-smoke-147,1,False,True,sgdm,500,,nin.cifar10_svhn,,v2,train_size,sep24_v2,0.001,complexity.pacbayes_mag_init,False,pacbayes_mag_init,True,0.00010552824096521364,-0.001232196227647364,0.03330433741211891,-0.0005575701943598688,0.035946473479270935,0.0026421346701681614,0.008480796590447426,0.016855528578162193,158,0.2946026623249054,499,1600963208,0.0041795228607952595,0.00014378588821273297,0.00014378588821273297,62
14,apricot-sky-148,1,False,True,sgdm,500,,nin.cifar10_svhn,,v2,train_size,sep24_v2,0.001,complexity.pacbayes_flatness,False,pacbayes_flatness,True,2.7112966563436203e-05,0.0011513145873323083,0.02208072505891323,0.000435614085290581,0.02326217293739319,0.0011814471799880266,0.09253700822591782,0.009399784728884695,129,0.2599431872367859,499,1600963209,0.002555998275056482,9.304869308834895e-05,9.304869308834895e-05,63
15,brisk-serenity-145,1,False,True,sgdm,500,,nin.cifar10_svhn,,v2,train_size,sep24_v2,0.001,complexity.pacbayes_mag_flatness,False,pacbayes_mag_flatness,True,2.1424661099445075e-05,0.000974481285084039,0.01578214205801487,-0.0002892487100325525,0.016290681436657906,0.0005085386801511049,0.09920704364776611,0.00833578035235405,181,0.2851250171661377,499,1600963211,0.0023715475108474493,6.51627269689925e-05,6.51627269689925e-05,65
16,vibrant-meadow-145,1,False,True,sgdm,500,,nin.cifar10_svhn,,v2,train_size,sep24_v2,0.001,complexity.pacbayes_init,False,pacbayes_init,True,3.073841071454808e-05,0.0012034396640956402,0.021226493641734123,0.0002738923067227006,0.02269359678030014,0.0014671029057353735,0.02827870100736618,0.012335977517068386,192,0.27226558327674866,499,1600963206,0.0027183827478438616,9.077438880922271e-05,9.077438880922271e-05,60
17,glad-sun-144,1,False,True,sgdm,500,,nin.cifar10_svhn,,v2,train_size,sep24_v2,0.001,complexity.pacbayes_mag_orig,False,pacbayes_mag_orig,True,9.877469710772856e-05,-0.0012515740236267447,0.034215450286865234,-0.0003920019371435046,0.03699583560228348,0.0027803867124021053,0.007698376663029194,0.016885772347450256,158,0.29473528265953064,499,1600963197,0.004080943763256073,0.0001479833445046097,0.0001479833445046097,63
18,fresh-bush-143,1,False,True,sgdm,500,,nin.cifar10_svhn,,v2,train_size,sep24_v2,0.001,complexity.pacbayes_orig,False,pacbayes_orig,True,2.8184182156110182e-05,-0.001213786657899618,0.024593153968453407,-0.00019729907216969875,0.0259849913418293,0.0013918367912992835,0.044556163251399994,0.011080418713390827,121,0.2559989392757416,499,1600963191,0.002613358898088336,0.00010393996490165593,0.00010393996490165593,66
19,lyric-plasma-142,1,False,True,sgdm,500,,nin.cifar10_svhn,,v2,train_size,sep24_v2,0.001,complexity.param_norm,False,param_norm,True,4.107140557607636e-05,-0.001220495207235217,0.02760354615747929,-0.0012315820204094052,0.029186222702264782,0.0015826759627088904,0.039027199149131775,0.012217812240123749,193,0.26535916328430176,499,1600963177,0.0030633413698524237,0.00011674489360302688,0.00011674489360302688,68
20,sandy-yogurt-141,1,False,True,sgdm,500,,nin.cifar10_svhn,,v2,train_size,sep24_v2,0.001,complexity.path_norm,False,path_norm,True,2.5519368136883713e-05,-0.000904252810869366,0.01902708411216736,0.0003542552003636956,0.020257093012332916,0.001230008201673627,0.05522763356566429,0.012850841507315636,79,0.2780996561050415,499,1600963115,0.0024547611828893423,8.102837455226108e-05,8.102837455226108e-05,73
21,sleek-sky-140,1,False,True,sgdm,500,,nin.cifar10_svhn,,v2,train_size,sep24_v2,0.001,complexity.path_norm_over_margin,False,path_norm_over_margin,True,2.2786603949498385e-05,-0.0009098018053919076,0.01877722330391407,0.0003797200333792716,0.02062671445310116,0.001849491149187088,0.04707765951752663,0.01310692634433508,79,0.27547478675842285,499,1600963105,0.0023519471287727356,8.250685641542077e-05,8.250685641542077e-05,76
22,expert-puddle-139,1,False,True,sgdm,500,,nin.cifar10_svhn,,v2,train_size,sep24_v2,0.001,complexity.log_spec_orig_main_fft,False,log_spec_orig_main,True,9.650826541474088e-05,-0.0012235241010785105,0.03383247181773186,0.0013701992575079205,0.03685928136110306,0.003026810009032488,0.0,0.017383906990289688,158,0.2941384017467499,499,1600963090,0.004074358846992254,0.00014743712381459773,0.00014743712381459773,75
23,sunny-cherry-138,1,False,True,sgdm,500,,nin.cifar10_svhn,,v2,dataset,sep24_v2,0.001,complexity.path_norm,True,path_norm,True,0.00011224548507016152,0.0007916634203866124,0.042752474546432495,0.0,0.042905475944280624,0.00015300133964046836,0.0010000000474974513,0.020704885944724083,35,0.3313407599925995,499,1600963167,0.005311538465321064,8.581094880355522e-05,8.581094880355522e-05,154
24,easy-breeze-137,1,False,True,sgdm,500,,nin.cifar10_svhn,,v2,dataset,sep24_v2,0.001,complexity.dist_spec_init_fft,False,dist_spec_init,True,4.6839639253448695e-05,-0.000615652883425355,0.026419181376695633,-0.00018122780602425337,0.02644510008394718,2.59181597357383e-05,0.02675706706941128,0.015021350234746931,241,0.31129199266433716,499,1600963138,0.0022832159884274006,5.289020191412419e-05,5.289020191412419e-05,134
25,atomic-thunder-134,1,False,True,sgdm,500,,nin.cifar10_svhn,,v2,dataset,sep24_v2,0.001,complexity.fro_over_spec_fft,False,fro_over_spec,True,8.978709229268134e-05,-0.0006786353187635541,0.03444239869713783,-8.654099656268954e-05,0.03454187139868736,9.947250509867445e-05,0.029071800410747528,0.01931281015276909,29,0.3370018005371094,499,1600963128,0.00460232887417078,6.908374052727595e-05,6.908374052727595e-05,131
26,crimson-voice-134,1,False,True,sgdm,500,,nin.cifar10_svhn,,v2,dataset,sep24_v2,0.001,complexity.fro_dist,False,fro_dist,True,3.882031160173938e-05,-0.000574964564293623,0.024028202518820763,-0.0011963723227381706,0.024084579199552536,5.637744834530167e-05,0.03222432732582092,0.013740534894168375,29,0.30886030197143555,499,1600963130,0.001865398371592164,4.81691567983944e-05,4.81691567983944e-05,133
27,pleasant-morning-134,1,False,True,sgdm,500,,nin.cifar10_svhn,,v2,dataset,sep24_v2,0.001,complexity.inverse_margin,False,inverse_margin,True,5.932655039941892e-05,0.00038648166810162365,0.02787594124674797,0.0006826210301369429,0.02810091897845268,0.00022497684403788296,0.03455602377653122,0.016295254230499268,401,0.33106541633605957,499,1600963128,0.003226623870432377,5.620183947030455e-05,5.620183947030455e-05,131
28,fearless-thunder-133,1,False,True,sgdm,500,,nin.cifar10_svhn,,v2,dataset,sep24_v2,0.001,complexity.log_prod_of_fro,False,log_prod_of_fro,True,0.00011224548507016152,0.0007916634203866124,0.042752474546432495,-0.00015381995763164014,0.042905475944280624,0.00015300133964046836,0.0,0.020704885944724083,35,0.3313407599925995,499,1600963128,0.005311538465321064,8.581094880355522e-05,8.581094880355522e-05,136
29,generous-monkey-132,1,False,True,sgdm,500,,nin.cifar10_svhn,,v2,dataset,sep24_v2,0.001,complexity.log_prod_of_fro_over_margin,False,log_prod_of_fro_over_margin,True,0.00011224548507016152,0.0007916634203866124,0.042752474546432495,-0.00015895448450464755,0.042905475944280624,0.00015300133964046836,0.0,0.020704885944724083,35,0.3313407599925995,499,1600963023,0.005311538465321064,8.581094880355522e-05,8.581094880355522e-05,134
30,curious-vortex-131,1,False,True,sgdm,500,,nin.cifar10_svhn,,v2,dataset,sep24_v2,0.001,complexity.log_prod_of_spec_fft,False,log_prod_of_spec,True,0.00011224548507016152,0.0007916634203866124,0.042752474546432495,-0.00011038390221074224,0.042905475944280624,0.00015300133964046836,0.0,0.020704885944724083,35,0.3313407599925995,499,1600963009,0.005311538465321064,8.581094880355522e-05,8.581094880355522e-05,135
31,stoic-plant-130,1,False,True,sgdm,500,,nin.cifar10_svhn,,v2,dataset,sep24_v2,0.001,complexity.log_prod_of_spec_over_margin_fft,False,log_prod_of_spec_over_margin,True,0.00011224548507016152,0.0007916634203866124,0.042752474546432495,-0.0001256688847206533,0.042905475944280624,0.00015300133964046836,0.0,0.020704885944724083,35,0.3313407599925995,499,1600962995,0.005311538465321064,8.581094880355522e-05,8.581094880355522e-05,144
32,glowing-surf-129,1,False,True,sgdm,500,,nin.cifar10_svhn,,v2,dataset,sep24_v2,0.001,complexity.log_sum_of_fro,False,log_sum_of_fro,True,5.476150909089483e-05,0.0002631956012919545,0.02575589343905449,0.0005168361240066588,0.02581069804728031,5.480435720528476e-05,0.03444746136665344,0.015352338552474976,179,0.3227035403251648,499,1600962986,0.0025757697876542807,5.1621394959511235e-05,5.1621394959511235e-05,138
33,snowy-terrain-128,1,False,True,sgdm,500,,nin.cifar10_svhn,,v2,dataset,sep24_v2,0.001,complexity.log_sum_of_fro_over_margin,False,log_sum_of_fro_over_margin,True,5.781145955552347e-05,-0.0005912464112043381,0.027032334357500076,-0.0006766372243873775,0.027052924036979675,2.0589232008205727e-05,0.03680799901485443,0.015509245917201042,29,0.3219563663005829,499,1600962993,0.0026865587569773197,5.4105847084429115e-05,5.4105847084429115e-05,149
34,leafy-blaze-127,1,False,True,sgdm,500,,nin.cifar10_svhn,,v2,dataset,sep24_v2,0.001,complexity.log_sum_of_spec_fft,False,log_sum_of_spec,True,4.500878640101291e-05,-0.0005801098886877298,0.02799408510327339,-0.0010322981979697945,0.02801218256354332,1.809778405004181e-05,0.05607916787266731,0.01088011171668768,282,0.2767278552055359,499,1600962974,0.0007959679933264852,5.602436431217939e-05,5.602436431217939e-05,137
35,denim-dream-124,1,False,True,sgdm,500,,nin.cifar10_svhn,,v2,dataset,sep24_v2,0.001,complexity.pacbayes_init,False,pacbayes_init,True,3.087014556513168e-05,0.00017289997776970267,0.022027919068932533,0.0002313919976586476,0.022058585658669472,3.066622230107896e-05,0.04190899804234505,0.011834063567221165,179,0.29951173067092896,499,1600962979,0.0012633843580260873,4.411717236507684e-05,4.411717236507684e-05,144
36,graceful-lake-126,1,False,True,sgdm,500,,nin.cifar10_svhn,,v2,dataset,sep24_v2,0.001,complexity.log_sum_of_spec_over_margin_fft,False,log_sum_of_spec_over_margin,True,6.44488973193802e-05,-0.0005913129425607622,0.02922643162310123,-0.0009213711018674076,0.029318034648895264,9.160315676126628e-05,0.024939484894275665,0.017343562096357346,282,0.33200106024742126,499,1600962980,0.003491120645776391,5.863606929779053e-05,5.863606929779053e-05,145
37,noble-forest-124,1,False,True,sgdm,500,,nin.cifar10_svhn,,v2,dataset,sep24_v2,0.001,complexity.pacbayes_flatness,False,pacbayes_flatness,True,2.4370994651690125e-05,0.00021353282500058413,0.01888580434024334,0.0003124682989437133,0.02057521231472492,0.0016894072759896517,0.08049874752759933,0.00961538776755333,326,0.2482231855392456,499,1600962980,0.0006424696184694767,4.11504261137452e-05,4.11504261137452e-05,145
38,dashing-tree-123,1,False,True,sgdm,500,,nin.cifar10_svhn,,v2,dataset,sep24_v2,0.001,complexity.pacbayes_mag_flatness,False,pacbayes_mag_flatness,True,2.310064337507356e-05,-3.1889583624433726e-05,0.01937294565141201,-5.945845259702765e-05,0.01949997991323471,0.00012703353422693908,0.09922953695058824,0.008341957814991474,286,0.28752392530441284,499,1600962869,0.0006964679923839867,3.899995863321237e-05,3.899995863321237e-05,127
39,iconic-hill-122,1,False,True,sgdm,500,,nin.cifar10_svhn,,v2,dataset,sep24_v2,0.001,complexity.pacbayes_mag_init,False,pacbayes_mag_init,True,0.000101259232906159,0.0007591094472445548,0.039650674909353256,-0.0004222587449476123,0.03975643217563629,0.00010575870692264289,0.023930422961711884,0.0202131699770689,35,0.33625319600105286,499,1600962854,0.00510945962741971,7.951286534080282e-05,7.951286534080282e-05,136
40,summer-frost-121,1,False,True,sgdm,500,,nin.cifar10_svhn,,v2,dataset,sep24_v2,0.001,complexity.pacbayes_mag_orig,False,pacbayes_mag_orig,True,9.87684034043923e-05,0.0007635330548509955,0.0400678925216198,-0.00040685629937797785,0.04020157083868981,0.00013367985957302153,0.012639530934393406,0.02001170441508293,35,0.3329591751098633,499,1600962831,0.004876670893281698,8.040314423851669e-05,8.040314423851669e-05,122
41,fragrant-night-120,1,False,True,sgdm,500,,nin.cifar10_svhn,,v2,dataset,sep24_v2,0.001,complexity.pacbayes_orig,False,pacbayes_orig,True,4.7228419134626165e-05,-0.0005948480684310198,0.02623726986348629,-0.000909269554540515,0.026252686977386475,1.541773963253945e-05,0.030887197703123093,0.014764136634767056,29,0.31868165731430054,499,1600962820,0.002406255342066288,5.250537287793122e-05,5.250537287793122e-05,120
42,atomic-cosmos-119,1,False,True,sgdm,500,,nin.cifar10_svhn,,v2,dataset,sep24_v2,0.001,complexity.param_norm,False,param_norm,True,5.611715459963307e-05,-0.0006138854660093784,0.02804071456193924,-0.0008563149604015052,0.028060849756002423,2.0134430087637156e-05,0.028439218178391457,0.015970170497894287,29,0.3235315680503845,499,1600962829,0.0028224086854606867,5.6121698435163125e-05,5.6121698435163125e-05,131
43,smooth-durian-117,1,False,True,sgdm,500,,nin.cifar10_svhn,,v2,dataset,sep24_v2,0.001,complexity.path_norm_over_margin,False,path_norm_over_margin,True,4.20725264120847e-05,0.0005897998926229775,0.025409704074263573,-0.0003662256058305502,0.025481808930635452,7.210471812868491e-05,0.0413493886590004,0.014782700687646866,35,0.3071439862251282,499,1600962817,0.002261444227769971,5.09636192873586e-05,5.09636192873586e-05,124
44,lyric-dragon-118,1,False,True,sgdm,500,,nin.cifar10_svhn,,v2,dataset,sep24_v2,0.001,complexity.path_norm,False,path_norm,True,4.2617110011633486e-05,-0.00033725760295055807,0.02545791119337082,0.00020632828818634152,0.025596268475055695,0.0001383580092806369,0.03066055290400982,0.01467879582196474,376,0.3007112741470337,499,1600962817,0.00213896413333714,5.119253546581603e-05,5.119253546581603e-05,124
45,efficient-durian-116,1,False,True,sgdm,500,,nin.cifar10_svhn,,v2,dataset,sep24_v2,0.001,complexity.log_spec_orig_main_fft,False,log_spec_orig_main,True,0.00011224548507016152,0.0007916634203866124,0.042752474546432495,-0.00014235885464586318,0.042905475944280624,0.00015300133964046836,0.0,0.020704885944724083,35,0.3313407599925995,499,1600962826,0.005311538465321064,8.581094880355522e-05,8.581094880355522e-05,138
46,helpful-bird-115,1,False,True,sgdm,500,,nin.cifar10_svhn,,v2,depth,sep24_v2,0.001,complexity.path_norm,True,path_norm,True,0.0001331579260295257,-0.001960775814950466,0.039462849497795105,0.0,0.03953054919838905,6.769980973331258e-05,0.0010000000474974513,0.017288150265812874,24,0.29227715730667114,499,1600962723,0.003983992151916027,0.000197652741917409,0.000197652741917409,52
47,stellar-glitter-114,1,False,True,sgdm,500,,nin.cifar10_svhn,,v2,depth,sep24_v2,0.001,complexity.dist_spec_init_fft,False,dist_spec_init,True,0.0001038945556501858,-0.001753138960339129,0.03275033459067345,-0.0001326363126281649,0.03284230828285217,9.197448525810614e-05,0.03118894062936306,0.014572798274457456,24,0.3141341507434845,499,1600962699,0.003967662341892719,0.00016421153850387782,0.00016421153850387782,48
48,youthful-hill-113,1,False,True,sgdm,500,,nin.cifar10_svhn,,v2,depth,sep24_v2,0.001,complexity.fro_dist,False,fro_dist,True,7.080938667058945e-05,0.0006141100311651826,0.025806928053498268,0.0008244417258538306,0.025895647704601288,8.872039325069636e-05,0.04117291420698166,0.01239118818193674,157,0.3019717037677765,499,1600962691,0.003024931764230132,0.00012947824143338948,0.00012947824143338948,49
49,young-night-112,1,False,True,sgdm,500,,nin.cifar10_svhn,,v2,depth,sep24_v2,0.001,complexity.fro_over_spec_fft,False,fro_over_spec,True,0.00010997257777489722,4.695964526035823e-05,0.032098762691020966,0.001381845911964774,0.03214934468269348,5.0582661060616374e-05,0.016215641051530838,0.015719659626483917,157,0.29289737343788147,499,1600962683,0.003217271529138088,0.00016074672748800367,0.00016074672748800367,47
50,devoted-moon-111,1,False,True,sgdm,500,,nin.cifar10_svhn,,v2,depth,sep24_v2,0.001,complexity.log_prod_of_fro,False,log_prod_of_fro,True,0.00015578870079480112,0.0018658828921616075,0.04014275595545769,0.00019406352657824755,0.04033362492918968,0.0001908702979562804,0.00722960801795125,0.018449656665325165,175,0.30352944135665894,499,1600962677,0.004519714042544365,0.0002016681246459484,0.0002016681246459484,47
51,iconic-forest-110,1,False,True,sgdm,500,,nin.cifar10_svhn,,v2,depth,sep24_v2,0.001,complexity.inverse_margin,False,inverse_margin,True,4.683294173446484e-05,-9.071362001122908e-05,0.023656530305743217,-0.0002673327107913792,0.024960489943623543,0.001303959172219038,0.0673813670873642,0.01087240967899561,157,0.24930201470851895,499,1600962681,0.0017672692192718389,0.0001248024491360411,0.0001248024491360411,51
52,kind-moon-109,1,False,True,sgdm,500,,nin.cifar10_svhn,,v2,depth,sep24_v2,0.001,complexity.log_prod_of_fro_over_margin,False,log_prod_of_fro_over_margin,True,0.00015571028052363545,0.0018660466885194185,0.04013572633266449,0.00018487032502889633,0.040325652807950974,0.0001899257185868919,0.007160000503063202,0.01844468154013157,175,0.3035476505756378,499,1600962676,0.00452010054141283,0.0002016282669501379,0.0002016282669501379,48
53,breezy-sea-108,1,False,True,sgdm,500,,nin.cifar10_svhn,,v2,depth,sep24_v2,0.001,complexity.log_prod_of_spec_fft,False,log_prod_of_spec,True,0.0001331579260295257,-0.001960775814950466,0.039462849497795105,-4.2910407501040027e-05,0.03953054919838905,6.769980973331258e-05,0.0,0.017288150265812874,24,0.29227715730667114,499,1600962670,0.003983992151916027,0.000197652741917409,0.000197652741917409,49
54,cosmic-surf-107,1,False,True,sgdm,500,,nin.cifar10_svhn,,v2,depth,sep24_v2,0.001,complexity.log_prod_of_spec_over_margin_fft,False,log_prod_of_spec_over_margin,True,0.0001331579260295257,-0.001960775814950466,0.039462849497795105,-8.983203770185355e-06,0.03953054919838905,6.769980973331258e-05,0.0,0.017288150265812874,24,0.29227715730667114,499,1600962650,0.003983992151916027,0.000197652741917409,0.000197652741917409,45
55,feasible-voice-106,1,False,True,sgdm,500,,nin.cifar10_svhn,,v2,depth,sep24_v2,0.001,complexity.log_sum_of_fro,False,log_sum_of_fro,True,9.282359678763896e-05,-0.0016181194223463535,0.027261020615696907,-0.0018660270143300297,0.02730533108115196,4.431069828569889e-05,0.028294386342167854,0.01399394404143095,24,0.29850202798843384,499,1600962632,0.0030036428943276405,0.00013652665074914694,0.00013652665074914694,46
56,fluent-flower-105,1,False,True,sgdm,500,,nin.cifar10_svhn,,v2,depth,sep24_v2,0.001,complexity.log_sum_of_fro_over_margin,False,log_sum_of_fro_over_margin,True,9.258888894692063e-05,0.0001755109115038067,0.02837836928665638,0.00048730033449828625,0.028425080701708794,4.671064380090684e-05,0.028127392753958706,0.013921073637902737,157,0.29501667618751526,499,1600962624,0.0028891442343592644,0.00014212539826985449,0.00014212539826985449,48
57,scarlet-snowflake-104,1,False,True,sgdm,500,,nin.cifar10_svhn,,v2,depth,sep24_v2,0.001,complexity.log_sum_of_spec_fft,False,log_sum_of_spec,True,5.260420584818348e-05,-0.0015125982463359833,0.024674171581864357,-0.0017704133642837403,0.02472970448434353,5.5533550039399415e-05,0.050797898322343826,0.01118381880223751,24,0.2766790986061096,499,1600962619,0.002228121506050229,0.0001236485259141773,0.0001236485259141773,47
58,icy-pyramid-103,1,False,True,sgdm,500,,nin.cifar10_svhn,,v2,depth,sep24_v2,0.001,complexity.log_sum_of_spec_over_margin_fft,False,log_sum_of_spec_over_margin,True,4.74854969070293e-05,0.00013281925930641592,0.025771575048565865,0.00013482281065080315,0.026664825156331062,0.0008932504570111632,0.06429746001958847,0.011110181920230389,157,0.25631627440452576,499,1600962613,0.0020272517576813698,0.00013332412345334888,0.00013332412345334888,49
59,clean-salad-101,1,False,True,sgdm,500,,nin.cifar10_svhn,,v2,depth,sep24_v2,0.001,complexity.pacbayes_init,False,pacbayes_init,True,6.688628491247073e-05,0.0015076646814122796,0.024191807955503464,-0.0013194744242355227,0.024316005408763885,0.00012419666745699942,0.04793213680386543,0.011788164265453815,139,0.30480971932411194,499,1600962613,0.0030260300263762474,0.00012158002937212586,0.00012158002937212586,50
60,vague-terrain-101,1,False,True,sgdm,500,,nin.cifar10_svhn,,v2,depth,sep24_v2,0.001,complexity.pacbayes_flatness,False,pacbayes_flatness,True,2.3592350771650672e-05,0.0003910412488039583,0.020190341398119926,0.0002646520733833313,0.021868383511900905,0.0016780422301962972,0.0702434778213501,0.00991450622677803,157,0.24737948179244995,499,1600962611,0.0016283780569210649,0.00010934191959677264,0.00010934191959677264,48
61,proud-snow-100,1,False,True,sgdm,500,,nin.cifar10_svhn,,v2,depth,sep24_v2,0.001,complexity.pacbayes_mag_flatness,False,pacbayes_mag_flatness,True,1.4640713743574452e-05,-0.0010416049044579268,0.015060764737427236,-0.000924214778933674,0.0161193385720253,0.0010585736017674208,0.08952612429857254,0.007999763824045658,77,0.2724880576133728,499,1600962602,0.0017794899176806211,8.059669198701158e-05,8.059669198701158e-05,45
62,royal-music-99,1,False,True,sgdm,500,,nin.cifar10_svhn,,v2,depth,sep24_v2,0.001,complexity.pacbayes_mag_init,False,pacbayes_mag_init,True,0.00014550915511790663,0.0017339150654152036,0.03525198623538017,-0.0008655356359668076,0.03534116968512535,8.918389357859269e-05,0.026198511943221092,0.01687527261674404,146,0.3044559359550476,499,1600962584,0.003876653267070651,0.00017670584202278403,0.00017670584202278403,46
63,eager-lion-98,1,False,True,sgdm,500,,nin.cifar10_svhn,,v2,depth,sep24_v2,0.001,complexity.pacbayes_mag_orig,False,pacbayes_mag_orig,True,0.00014956913946662098,0.001761335297487676,0.03630412742495537,-0.000826616189442575,0.036375392228364944,7.12639230187051e-05,0.02242705039680004,0.01717236638069153,146,0.30634188652038574,499,1600962567,0.004004425369203091,0.0001818769669625908,0.0001818769669625908,49
64,skilled-resonance-97,1,False,True,sgdm,500,,nin.cifar10_svhn,,v2,depth,sep24_v2,0.001,complexity.pacbayes_orig,False,pacbayes_orig,True,7.987571007106453e-05,-0.0016278437105938792,0.027448976412415504,-0.0015939135337248445,0.0274911280721426,4.2151637899223715e-05,0.03331858664751053,0.013159035705029964,24,0.30113840103149414,499,1600962558,0.0029414650052785873,0.00013745564501732588,0.00013745564501732588,46
65,wandering-mountain-96,1,False,True,sgdm,500,,nin.cifar10_svhn,,v2,depth,sep24_v2,0.001,complexity.param_norm,False,param_norm,True,8.156622061505914e-05,0.0004761327290907502,0.030151262879371643,0.001312882173806429,0.030208995565772057,5.773361772298813e-05,0.033489473164081573,0.013271992094814776,157,0.2936733067035675,499,1600962555,0.0028534799348562956,0.00015104498015716672,0.00015104498015716672,49
66,bright-smoke-95,1,False,True,sgdm,500,,nin.cifar10_svhn,,v2,depth,sep24_v2,0.001,complexity.path_norm,False,path_norm,True,9.78021780611016e-05,0.0017441516974940896,0.03061558678746223,0.0008113935473375022,0.030695129185914993,7.954279135446995e-05,0.03792340308427811,0.014060174115002155,152,0.29572397470474243,499,1600962546,0.003634436521679163,0.00015347564476542175,0.00015347564476542175,47
67,laced-bush-93,1,False,True,sgdm,500,,nin.cifar10_svhn,,v2,depth,sep24_v2,0.001,complexity.path_norm_over_margin,False,path_norm_over_margin,True,0.00010369947267463432,0.0018213840667158363,0.03318742662668228,0.001162288594059646,0.03331392630934715,0.00012650112330447882,0.03651703894138336,0.01447715237736702,152,0.300253301858902,499,1600962546,0.0038824202492833138,0.00016656963271088898,0.00016656963271088898,48
68,spring-valley-94,1,False,True,sgdm,500,,nin.cifar10_svhn,,v2,depth,sep24_v2,0.001,complexity.log_spec_orig_main_fft,False,log_spec_orig_main,True,0.0001331579260295257,-0.001960775814950466,0.039462849497795105,-3.0093995519564487e-05,0.03953054919838905,6.769980973331258e-05,0.0,0.017288150265812874,24,0.29227715730667114,499,1600962548,0.003983992151916027,0.000197652741917409,0.000197652741917409,50
69,autumn-haze-92,1,False,True,sgdm,500,,nin.cifar10_svhn,,v2,width,sep24_v2,0.001,complexity.path_norm,True,path_norm,True,0.0004536238266155124,0.0026343483477830887,0.06943529099225998,0.0,0.06946704536676407,3.175497113261372e-05,0.0010000000474974513,0.021691618487238884,133,0.3333478569984436,499,1600962538,0.009861517697572708,0.00034733524080365896,0.00034733524080365896,52
70,polished-cherry-91,1,False,True,sgdm,500,,nin.cifar10_svhn,,v2,width,sep24_v2,0.001,complexity.dist_spec_init_fft,False,dist_spec_init,True,0.00019148981664329767,0.0020119415130466223,0.04052651301026344,-0.0023107591550797224,0.04058033227920532,5.3820265748072416e-05,0.03785891458392143,0.015021344646811484,133,0.3130735456943512,499,1600962517,0.005707138683646917,0.0002029016613960266,0.0002029016613960266,47
71,copper-fire-90,1,False,True,sgdm,500,,nin.cifar10_svhn,,v2,width,sep24_v2,0.001,complexity.fro_dist,False,fro_dist,True,5.079589755041525e-05,0.0017617304110899568,0.032163552939891815,0.0027203639037907124,0.032226406037807465,6.285332347033545e-05,0.0670408084988594,0.009650943800807,136,0.25459593534469604,499,1600962499,0.0029117909725755453,0.00016113203309942037,0.00016113203309942037,49
72,usual-wildflower-89,1,False,True,sgdm,500,,nin.cifar10_svhn,,v2,width,sep24_v2,0.001,complexity.fro_over_spec_fft,False,fro_over_spec,True,0.000458103371784091,0.002449340652674437,0.059993766248226166,-0.002833428094163537,0.06005821377038956,6.444656173698604e-05,0.0268037524074316,0.020850282162427906,133,0.3380589783191681,499,1600962494,0.009763354435563087,0.0003002910816576332,0.0003002910816576332,47
73,tough-bush-88,1,False,True,sgdm,500,,nin.cifar10_svhn,,v2,width,sep24_v2,0.001,complexity.inverse_margin,False,inverse_margin,True,0.00033568101935088634,0.0023251159582287073,0.05405882000923157,0.004042261745780706,0.05408250913023949,2.3690528905717656e-05,0.032173220068216324,0.017440315335989,112,0.3361150920391083,499,1600962489,0.007730113808065653,0.0002704125363379717,0.0002704125363379717,50
74,earnest-mountain-87,1,False,True,sgdm,500,,nin.cifar10_svhn,,v2,width,sep24_v2,0.001,complexity.log_prod_of_fro_over_margin,False,log_prod_of_fro_over_margin,True,0.0004536238266155124,0.0026343483477830887,0.06943529099225998,0.0003862584126181901,0.06946704536676407,3.175497113261372e-05,0.0,0.021691618487238884,133,0.3333478569984436,499,1600962483,0.009861517697572708,0.00034733524080365896,0.00034733524080365896,48
75,woven-sunset-86,1,False,True,sgdm,500,,nin.cifar10_svhn,,v2,width,sep24_v2,0.001,complexity.log_prod_of_fro,False,log_prod_of_fro,True,0.0004536238266155124,0.0026343483477830887,0.06943529099225998,0.0004417620948515832,0.06946704536676407,3.175497113261372e-05,0.0,0.021691618487238884,133,0.3333478569984436,499,1600962481,0.009861517697572708,0.00034733524080365896,0.00034733524080365896,47
76,lemon-firefly-85,1,False,True,sgdm,500,,nin.cifar10_svhn,,v2,width,sep24_v2,0.001,complexity.log_prod_of_spec_fft,False,log_prod_of_spec,True,0.0004536238266155124,0.0026343483477830887,0.06943529099225998,0.0019349356880411504,0.06946704536676407,3.175497113261372e-05,0.0,0.021691618487238884,133,0.3333478569984436,499,1600962480,0.009861517697572708,0.00034733524080365896,0.00034733524080365896,48
77,peach-wave-84,1,False,True,sgdm,500,,nin.cifar10_svhn,,v2,width,sep24_v2,0.001,complexity.log_prod_of_spec_over_margin_fft,False,log_prod_of_spec_over_margin,True,0.0004536238266155124,0.0026343483477830887,0.06943529099225998,0.001779807731509209,0.06946704536676407,3.175497113261372e-05,0.0,0.021691618487238884,133,0.3333478569984436,499,1600962465,0.009861517697572708,0.00034733524080365896,0.00034733524080365896,47
78,cool-cloud-83,1,False,True,sgdm,500,,nin.cifar10_svhn,,v2,width,sep24_v2,0.001,complexity.log_sum_of_fro,False,log_sum_of_fro,True,9.266169217880817e-05,-0.0020435599144548178,0.04157045483589173,-0.003513097995892167,0.04201210662722587,0.00044165103463456035,0.1068313866853714,0.014884691685438156,176,0.2121661901473999,499,1600962449,0.0033753684256225824,0.0002100605343002826,0.0002100605343002826,48
79,dauntless-meadow-82,1,False,True,sgdm,500,,nin.cifar10_svhn,,v2,width,sep24_v2,0.001,complexity.log_sum_of_fro_over_margin,False,log_sum_of_fro_over_margin,True,0.00023648380010854453,0.002158669987693429,0.0466662161052227,0.002174333203583956,0.04682217165827751,0.00015595658624079078,0.04878346621990204,0.01437236275523901,147,0.31594178080558777,499,1600962432,0.006037482991814613,0.00023411086294800043,0.00023411086294800043,47
80,gentle-sound-81,1,False,True,sgdm,500,,nin.cifar10_svhn,,v2,width,sep24_v2,0.001,complexity.log_sum_of_spec_fft,False,log_sum_of_spec,True,0.0001251149078598246,-0.002064318163320422,0.04271427541971207,-0.003796688048169017,0.04274187237024307,2.759693961706944e-05,0.10586730390787125,0.01368397567421198,176,0.21717703342437744,499,1600962429,0.003319875802844763,0.00021370936883613467,0.00021370936883613467,47
81,drawn-sea-80,1,False,True,sgdm,500,,nin.cifar10_svhn,,v2,width,sep24_v2,0.001,complexity.log_sum_of_spec_over_margin_fft,False,log_sum_of_spec_over_margin,True,0.00020995938393753025,-0.0023405272513628006,0.05486196279525757,-0.003796250093728304,0.05488868057727814,2.671675247256644e-05,0.03549075126647949,0.01458805799484253,176,0.3105579912662506,499,1600962422,0.005758230574429035,0.0002744434168562293,0.0002744434168562293,47
82,distinctive-frost-77,1,False,True,sgdm,500,,nin.cifar10_svhn,,v2,width,sep24_v2,0.001,complexity.pacbayes_flatness,False,pacbayes_flatness,True,5.235380012891255e-05,-0.0017701173201203346,0.03109537810087204,-0.00139354367274791,0.03138916566967964,0.0002937884128186852,0.09975697100162506,0.010196512565016748,179,0.24308577179908752,499,1600962418,0.0030116084963083267,0.00015694582543801516,0.00015694582543801516,49
83,floral-bee-78,1,False,True,sgdm,500,,nin.cifar10_svhn,,v2,width,sep24_v2,0.001,complexity.pacbayes_init,False,pacbayes_init,True,6.605377711821347e-05,0.0015624332008883357,0.025154441595077515,0.001655025058425963,0.02521023340523243,5.5791522754589096e-05,0.05272839590907097,0.01031236257404089,136,0.2872218191623688,499,1600962416,0.0033366370480507612,0.0001260511635337025,0.0001260511635337025,47
84,restful-night-77,1,False,True,sgdm,500,,nin.cifar10_svhn,,v2,width,sep24_v2,0.001,complexity.pacbayes_mag_flatness,False,pacbayes_mag_flatness,True,4.13831694459077e-05,-0.0016079231863841414,0.02570994198322296,-0.0013052362482994797,0.025932498276233673,0.00022255607473198324,0.1054353564977646,0.008188661187887192,59,0.2688484191894531,499,1600962419,0.0026013976894319057,0.0001296624977840111,0.0001296624977840111,50
85,unique-darkness-76,1,False,True,sgdm,500,,nin.cifar10_svhn,,v2,width,sep24_v2,0.001,complexity.pacbayes_mag_init,False,pacbayes_mag_init,True,0.0005360681680031121,0.0025127725675702095,0.06415650993585587,0.00508743803948164,0.06428404152393341,0.0001275346876354888,0.03369917720556259,0.022013138979673386,104,0.34428566694259644,499,1600962398,0.010775758884847164,0.00032142020063474774,0.00032142020063474774,48
86,icy-fire-75,1,False,True,sgdm,500,,nin.cifar10_svhn,,v2,width,sep24_v2,0.001,complexity.pacbayes_mag_orig,False,pacbayes_mag_orig,True,0.0005073818610981107,-0.002496067900210619,0.06228364259004593,-0.00027295417385175824,0.06239021196961403,0.00010656809172360228,0.03170548379421234,0.021670937538146973,176,0.3468530774116516,499,1600962380,0.010379896499216557,0.00031195106566883624,0.00031195106566883624,46
87,whole-field-74,1,False,True,sgdm,500,,nin.cifar10_svhn,,v2,width,sep24_v2,0.001,complexity.pacbayes_orig,False,pacbayes_orig,True,5.538768891710788e-05,-0.0018938391003757715,0.03636373579502106,-0.004442532081156969,0.03641890361905098,5.516789678949863e-05,0.07120145112276077,0.010072262026369572,176,0.25592130422592163,499,1600962367,0.002987598767504096,0.0001820945180952549,0.0001820945180952549,47
88,polar-sea-73,1,False,True,sgdm,500,,nin.cifar10_svhn,,v2,width,sep24_v2,0.001,complexity.param_norm,False,param_norm,True,0.00025896867737174034,0.0021235106978565454,0.045562297105789185,0.004410261288285255,0.04560061916708946,3.832342554233037e-05,0.030054233968257904,0.015870405361056328,136,0.3225018382072449,499,1600962365,0.006646123714745045,0.0002280030894326046,0.0002280030894326046,51
89,giddy-surf-72,1,False,True,sgdm,500,,nin.cifar10_svhn,,v2,width,sep24_v2,0.001,complexity.path_norm,False,path_norm,True,0.00015095106209628284,-0.0019964317325502634,0.03987251594662666,0.0007609184831380844,0.03990904241800308,3.652832310763188e-05,0.05498974025249481,0.013953209854662418,73,0.3030531108379364,499,1600962358,0.004634739365428686,0.0001995452184928581,0.0001995452184928581,48
90,stilted-terrain-71,1,False,True,sgdm,500,,nin.cifar10_svhn,,v2,width,sep24_v2,0.001,complexity.log_spec_orig_main_fft,False,log_spec_orig_main,True,0.0004536238266155124,0.0026343483477830887,0.06943529099225998,0.0015261085936799643,0.06946704536676407,3.175497113261372e-05,0.0,0.021691618487238884,133,0.3333478569984436,499,1600962353,0.009861517697572708,0.00034733524080365896,0.00034733524080365896,48
91,serene-sunset-70,1,False,True,sgdm,500,,nin.cifar10_svhn,,v2,width,sep24_v2,0.001,complexity.path_norm_over_margin,False,path_norm_over_margin,True,0.0001544873957755044,-0.001988933887332678,0.03956848755478859,0.0008266358636319637,0.03961044177412987,4.19550015067216e-05,0.05276134982705116,0.014251823537051678,73,0.3055645525455475,499,1600962352,0.004828414414077997,0.0001980522065423429,0.0001980522065423429,47
92,spring-sun-69,1,False,True,sgdm,500,,nin.cifar10_svhn,,v2,lr,sep24_v2,0.001,complexity.path_norm,True,path_norm,True,0.0003087904769927263,0.002381020924076438,0.05634508281946182,0.0,0.056732386350631714,0.0003873029490932822,0.0010000000474974513,0.01927713118493557,141,0.31886786222457886,499,1600962353,0.007535458076745272,0.0002836619387380779,0.0002836619387380779,52
93,solar-deluge-68,1,False,True,sgdm,500,,nin.cifar10_svhn,,v2,lr,sep24_v2,0.001,complexity.dist_spec_init_fft,False,dist_spec_init,True,0.00012514463742263615,0.0018224878003820777,0.0330020971596241,-0.0019985579419881105,0.0332673080265522,0.0002652094990480691,0.03279881551861763,0.013759820722043514,141,0.29950642585754395,499,1600962329,0.004506948869675398,0.000166336540132761,0.000166336540132761,45
94,lunar-star-67,1,False,True,sgdm,500,,nin.cifar10_svhn,,v2,lr,sep24_v2,0.001,complexity.fro_dist,False,fro_dist,True,0.0001095902844099328,0.001751399366185069,0.030480140820145607,-0.001940363203175366,0.030682068318128582,0.00020192732335999608,0.038311704993247986,0.012545921839773657,141,0.29692184925079346,499,1600962313,0.004247455857694149,0.00015341033576987684,0.00015341033576987684,46
95,glad-spaceship-66,1,False,True,sgdm,500,,nin.cifar10_svhn,,v2,lr,sep24_v2,0.001,complexity.fro_over_spec_fft,False,fro_over_spec,True,0.0002448100713081658,-0.002128087216988206,0.047182902693748474,5.6851349654607475e-05,0.04729132726788521,0.00010842295159818605,0.0240623839199543,0.01686609536409378,108,0.30972516536712646,499,1600962300,0.006440859287977219,0.00023645663168281317,0.00023645663168281317,50
96,rare-bush-65,1,False,True,sgdm,500,,nin.cifar10_svhn,,v2,lr,sep24_v2,0.001,complexity.inverse_margin,False,inverse_margin,True,6.62792517687194e-05,0.0017943424172699451,0.03355124220252037,0.0028932937420904636,0.034644126892089844,0.001092882943339646,0.06653343141078949,0.010537062771618366,118,0.26850923895835876,499,1600962296,0.003363833762705326,0.00017322062922175974,0.00017322062922175974,48
97,youthful-deluge-64,1,False,True,sgdm,500,,nin.cifar10_svhn,,v2,lr,sep24_v2,0.001,complexity.log_prod_of_fro,False,log_prod_of_fro,True,0.0003087904769927263,0.002381020924076438,0.05634508281946182,0.0002171460655517876,0.056732386350631714,0.0003873029490932822,0.0,0.01927713118493557,141,0.31886786222457886,499,1600962293,0.007535458076745272,0.0002836619387380779,0.0002836619387380779,50
98,cool-wood-62,1,False,True,sgdm,500,,nin.cifar10_svhn,,v2,lr,sep24_v2,0.001,complexity.log_prod_of_fro_over_margin,False,log_prod_of_fro_over_margin,True,0.0003087904769927263,0.002381020924076438,0.05634508281946182,0.00021014988305978477,0.056732386350631714,0.0003873029490932822,0.0,0.01927713118493557,141,0.31886786222457886,499,1600962288,0.007535458076745272,0.0002836619387380779,0.0002836619387380779,50
99,clean-donkey-62,1,False,True,sgdm,500,,nin.cifar10_svhn,,v2,lr,sep24_v2,0.001,complexity.log_prod_of_spec_fft,False,log_prod_of_spec,True,0.0003087904769927263,0.002381020924076438,0.05634508281946182,-0.0005447739385999739,0.056732386350631714,0.0003873029490932822,0.0,0.01927713118493557,141,0.31886786222457886,499,1600962287,0.007535458076745272,0.0002836619387380779,0.0002836619387380779,49
100,solar-frog-61,1,False,True,sgdm,500,,nin.cifar10_svhn,,v2,lr,sep24_v2,0.001,complexity.log_prod_of_spec_over_margin_fft,False,log_prod_of_spec_over_margin,True,0.0003087904769927263,0.002381020924076438,0.05634508281946182,-0.0005777511396445334,0.056732386350631714,0.0003873029490932822,0.0,0.01927713118493557,141,0.31886786222457886,499,1600962283,0.007535458076745272,0.0002836619387380779,0.0002836619387380779,50
101,dark-violet-60,1,False,True,sgdm,500,,nin.cifar10_svhn,,v2,lr,sep24_v2,0.001,complexity.log_sum_of_fro,False,log_sum_of_fro,True,0.00010283741721650586,-0.0018670218996703625,0.03651796653866768,-0.002307604067027569,0.03653658553957939,1.8618178728502244e-05,0.04324975609779358,0.0121116004884243,108,0.2808837592601776,499,1600962263,0.004134808667004108,0.0001826829247875139,0.0001826829247875139,49
102,azure-galaxy-59,1,False,True,sgdm,500,,nin.cifar10_svhn,,v2,lr,sep24_v2,0.001,complexity.log_sum_of_fro_over_margin,False,log_sum_of_fro_over_margin,True,0.0001250870554940775,-0.001908120117150247,0.03809959813952446,-0.0019793205428868532,0.03812891244888306,2.9313594495761208e-05,0.04616418108344078,0.012745300307869911,108,0.2903447151184082,499,1600962247,0.004509051330387592,0.000190644568647258,0.000190644568647258,46
103,fiery-snow-58,1,False,True,sgdm,500,,nin.cifar10_svhn,,v2,lr,sep24_v2,0.001,complexity.log_sum_of_spec_fft,False,log_sum_of_spec,True,6.272731843637303e-05,-0.0017076166113838551,0.03175214305520058,-0.0031061354093253613,0.03302665054798126,0.0012745063286274672,0.07021316885948181,0.011314048431813715,189,0.24299240112304688,499,1600962229,0.003184933913871646,0.00016513325681444255,0.00016513325681444255,53
104,ethereal-resonance-57,1,False,True,sgdm,500,,nin.cifar10_svhn,,v2,lr,sep24_v2,0.001,complexity.log_sum_of_spec_over_margin_fft,False,log_sum_of_spec_over_margin,True,0.00013651746849063784,0.0019752345979213715,0.039081428200006485,0.0033500120043754578,0.03925618156790733,0.0001747518399497494,0.043925072997808456,0.01291544921696186,104,0.2965396046638489,499,1600962225,0.004641602747142315,0.0001962809037650004,0.0001962809037650004,55
105,lyric-hill-56,1,False,True,sgdm,500,,nin.cifar10_svhn,,v2,lr,sep24_v2,0.001,complexity.pacbayes_flatness,False,pacbayes_flatness,True,5.549643174163066e-05,-0.0016771320952102542,0.02934756502509117,-0.002729960950091481,0.0294246394187212,7.707475015195087e-05,0.083481065928936,0.011294781230390072,108,0.2226030081510544,499,1600962220,0.002855523256585002,0.00014712319534737617,0.00014712319534737617,54
106,clear-flower-55,1,False,True,sgdm,500,,nin.cifar10_svhn,,v2,lr,sep24_v2,0.001,complexity.pacbayes_init,False,pacbayes_init,True,9.158020839095116e-05,-0.0017560423584654927,0.03101665899157524,-0.0005580586730502546,0.031142251566052437,0.00012559271999634802,0.04171831160783768,0.011614874936640264,43,0.2880018949508667,499,1600962219,0.003763481043279171,0.00015571125550195575,0.00015571125550195575,57
107,drawn-cosmos-54,1,False,True,sgdm,500,,nin.cifar10_svhn,,v2,lr,sep24_v2,0.001,complexity.pacbayes_mag_flatness,False,pacbayes_mag_flatness,True,4.739924042951315e-05,-0.001461682841181755,0.021688265725970268,-0.0008279049070551991,0.021775605157017708,8.733906724955887e-05,0.06818902492523193,0.008912625722587109,64,0.28546303510665894,499,1600962215,0.002563816495239734,0.00010887802636716516,0.00010887802636716516,53
108,desert-silence-53,1,False,True,sgdm,500,,nin.cifar10_svhn,,v2,lr,sep24_v2,0.001,complexity.pacbayes_mag_init,False,pacbayes_mag_init,True,0.0002809756260830909,0.0022987269330769777,0.05268450081348419,-0.0011092376662418246,0.05287647247314453,0.00019197104847989976,0.011958280578255652,0.01833517849445343,141,0.3134783208370209,499,1600962157,0.007071829400956631,0.00026438236818648875,0.00026438236818648875,66
109,breezy-fire-52,1,False,True,sgdm,500,,nin.cifar10_svhn,,v2,lr,sep24_v2,0.001,complexity.pacbayes_mag_orig,False,pacbayes_mag_orig,True,0.00025544039090164006,-0.002163883065804839,0.05033256113529205,-0.001851504435762763,0.05051583796739578,0.0001832776761148125,0.007397371344268322,0.017871033400297165,189,0.31105777621269226,499,1600962133,0.006544497795403004,0.00025257919332943857,0.00025257919332943857,60
110,ethereal-jazz-51,1,False,True,sgdm,500,,nin.cifar10_svhn,,v2,lr,sep24_v2,0.001,complexity.pacbayes_orig,False,pacbayes_orig,True,9.193277219310404e-05,0.001864291145466268,0.0356631726026535,0.0026794378645718098,0.035687483847141266,2.431073517072946e-05,0.049021363258361816,0.011039073579013348,104,0.28558558225631714,499,1600962072,0.003782029263675213,0.0001784374180715531,0.0001784374180715531,53
111,happy-leaf-50,1,False,True,sgdm,500,,nin.cifar10_svhn,,v2,lr,sep24_v2,0.001,complexity.param_norm,False,param_norm,True,0.00014817521150689572,0.0018872718792408705,0.03555624559521675,-0.001900379080325365,0.03562682494521141,7.057849143166095e-05,0.02665623091161251,0.01409158855676651,141,0.29482004046440125,499,1600962054,0.004956398159265518,0.0001781341270543635,0.0001781341270543635,52
112,gallant-dragon-49,1,False,True,sgdm,500,,nin.cifar10_svhn,,v2,lr,sep24_v2,0.001,complexity.path_norm,False,path_norm,True,0.00015046515909489244,-0.0019747409969568253,0.03858724236488342,0.001025271019898355,0.03905568644404411,0.00046844579628668725,0.05410120636224747,0.013907644897699356,36,0.3004132807254791,499,1600962000,0.004602799657732248,0.00019527843687683344,0.00019527843687683344,58
113,polar-lion-48,1,False,True,sgdm,500,,nin.cifar10_svhn,,v2,lr,sep24_v2,0.001,complexity.path_norm_over_margin,False,path_norm_over_margin,True,0.00015577250451315194,-0.001963677816092968,0.038516853004693985,0.0010486161336302755,0.03863464668393135,0.0001177936210297048,0.039189133793115616,0.014114555902779102,36,0.2980489134788513,499,1600961982,0.004628943279385567,0.0001931732404045761,0.0001931732404045761,53
114,pleasant-cherry-47,1,False,True,sgdm,500,,nin.cifar10_svhn,,v2,lr,sep24_v2,0.001,complexity.log_spec_orig_main_fft,False,log_spec_orig_main,True,0.0003087904769927263,0.002381020924076438,0.05634508281946182,-0.00043791718780994415,0.056732386350631714,0.0003873029490932822,0.0,0.01927713118493557,141,0.31886786222457886,499,1600961923,0.007535458076745272,0.0002836619387380779,0.0002836619387380779,63
115,crimson-music-46,1,False,True,sgdm,500,,nin.cifar10_svhn,,v2,all,sep24_v2,0.001,complexity.path_norm,True,path_norm,True,0.000259589112829417,0.0003877189592458308,0.06853096187114716,0.0,0.06856141239404678,3.0448172765318304e-05,0.0010000000474974513,0.021235482767224312,1083,0.3357035219669342,499,1600962228,0.007204993162304163,5.0786231440724805e-05,5.0786231440724805e-05,407
116,lemon-sun-45,1,False,True,sgdm,500,,nin.cifar10_svhn,,v2,all,sep24_v2,0.001,complexity.dist_spec_init_fft,False,dist_spec_init,True,0.00010679742990760133,-0.00030272803269326687,0.04178626835346222,-0.0009099426097236574,0.04181487858295441,2.861112261598464e-05,0.028540324419736866,0.014838925562798975,1126,0.3083871901035309,499,1600962175,0.00375029630959034,3.09739843942225e-05,3.09739843942225e-05,369
117,fearless-deluge-44,1,False,True,sgdm,500,,nin.cifar10_svhn,,v2,all,sep24_v2,0.001,complexity.fro_dist,False,fro_dist,True,4.6310284233186394e-05,0.000259696738794446,0.031247135251760483,0.00034309635520912707,0.031275488436222076,2.8353653760859743e-05,0.052303217351436615,0.010510013438761234,1254,0.2786914110183716,499,1600962188,0.0021363983396440744,2.316702921234537e-05,2.316702921234537e-05,389
118,ethereal-gorge-43,1,False,True,sgdm,500,,nin.cifar10_svhn,,v2,all,sep24_v2,0.001,complexity.fro_over_spec_fft,False,fro_over_spec,True,0.0002717741299420595,0.00035841381759382784,0.05850613862276077,0.00045188915100879967,0.05855591967701912,4.977942444384098e-05,0.02716146968305111,0.019828880205750465,192,0.3387300372123718,499,1600962137,0.006864073220640421,4.3374755477998406e-05,4.3374755477998406e-05,361
119,cool-music-42,1,False,True,sgdm,500,,nin.cifar10_svhn,,v2,all,sep24_v2,0.001,complexity.inverse_margin,False,inverse_margin,True,0.0002092203067149967,0.0003328565799165517,0.0504700243473053,0.0005786498659290373,0.05049958825111389,2.956474054371938e-05,0.026658175513148308,0.017785795032978058,1062,0.33611157536506653,499,1600962133,0.005747081711888313,3.740710235433653e-05,3.740710235433653e-05,361
120,playful-moon-41,1,False,True,sgdm,500,,nin.cifar10_svhn,,v2,all,sep24_v2,0.001,complexity.log_prod_of_fro,False,log_prod_of_fro,True,0.00025979705969803035,0.00038778415182605386,0.06855405867099762,6.50294023216702e-05,0.06858446449041367,3.0407560188905336e-05,0.0,0.021241506561636925,1083,0.33574292063713074,499,1600962130,0.007209600415080786,5.0803308113245293e-05,5.0803308113245293e-05,366
121,skilled-bird-40,1,False,True,sgdm,500,,nin.cifar10_svhn,,v2,all,sep24_v2,0.001,complexity.log_prod_of_fro_over_margin,False,log_prod_of_fro_over_margin,True,0.00025979720521718264,0.0003877841809298843,0.06855406612157822,5.685759242624045e-05,0.06858447194099426,3.0407534723053686e-05,0.0,0.021241510286927223,1083,0.3357429504394531,499,1600961904,0.007209604140371084,5.08033117512241e-05,5.08033117512241e-05,377
122,glamorous-glade-39,1,False,True,sgdm,500,,nin.cifar10_svhn,,v2,all,sep24_v2,0.001,complexity.log_prod_of_spec_fft,False,log_prod_of_spec,True,0.00025979720521718264,0.0003877841809298843,0.06855406612157822,0.00028483569622039795,0.06858447194099426,3.0407534723053686e-05,0.0,0.021241510286927223,1083,0.3357429504394531,499,1600961833,0.007209604140371084,5.08033117512241e-05,5.08033117512241e-05,396
123,logical-bird-38,1,False,True,sgdm,500,,nin.cifar10_svhn,,v2,all,sep24_v2,0.001,complexity.log_prod_of_spec_over_margin_fft,False,log_prod_of_spec_over_margin,True,0.00025979705969803035,0.00038778415182605386,0.06855405867099762,0.00026199579588137567,0.06858446449041367,3.0407560188905336e-05,0.0,0.021241506561636925,1083,0.33574292063713074,499,1600961772,0.007209600415080786,5.0803308113245293e-05,5.0803308113245293e-05,338
124,classic-firebrand-37,1,False,True,sgdm,500,,nin.cifar10_svhn,,v2,all,sep24_v2,0.001,complexity.log_sum_of_fro,False,log_sum_of_fro,True,6.188417319208384e-05,-0.0003011635853908956,0.041377730667591095,-0.0005178767605684698,0.041560348123312,0.00018261723744217304,0.1021510437130928,0.014237584546208382,1126,0.2166389226913452,499,1600961794,0.002171879168599844,3.078544250456616e-05,3.078544250456616e-05,361
125,misty-planet-36,1,False,True,sgdm,500,,nin.cifar10_svhn,,v2,all,sep24_v2,0.001,complexity.log_sum_of_fro_over_margin,False,log_sum_of_fro_over_margin,True,0.00010103215026902036,-0.0003201736253686249,0.04673853889107704,-0.00048734500887803733,0.04676893725991249,3.0397721275221556e-05,0.05894074589014053,0.012177574448287489,1126,0.29186323285102844,499,1600961771,0.003068072255700826,3.4643657272681594e-05,3.4643657272681594e-05,347
126,fancy-water-35,1,False,True,sgdm,500,,nin.cifar10_svhn,,v2,all,sep24_v2,0.001,complexity.log_sum_of_spec_fft,False,log_sum_of_spec,True,6.859263521619141e-05,-0.0003024695906788111,0.041782014071941376,-0.0005562981823459268,0.04181183502078056,2.9820232157362625e-05,0.0958356186747551,0.013376099057495594,1126,0.21548347175121307,499,1600961747,0.002030581468716264,3.09717288473621e-05,3.09717288473621e-05,346
127,vital-energy-34,1,False,True,sgdm,500,,nin.cifar10_svhn,,v2,all,sep24_v2,0.001,complexity.log_sum_of_spec_over_margin_fft,False,log_sum_of_spec_over_margin,True,6.516812572954223e-05,-0.0003286605642642826,0.04930878058075905,-0.0005330148269422352,0.04933788627386093,2.910550392698497e-05,0.07101646065711975,0.011026488617062569,1126,0.26204395294189453,499,1600961737,0.0023756378795951605,3.654658212326467e-05,3.654658212326467e-05,353
128,proud-thunder-33,1,False,True,sgdm,500,,nin.cifar10_svhn,,v2,all,sep24_v2,0.001,complexity.pacbayes_flatness,False,pacbayes_flatness,True,2.993399539263919e-05,0.00026329068350605667,0.03160993009805679,0.00039500187267549336,0.03175800293684006,0.0001480738865211606,0.0895383208990097,0.01000337116420269,1310,0.2402892708778381,499,1600961751,0.001808115281164646,2.35244460782269e-05,2.35244460782269e-05,380
129,electric-disco-32,1,False,True,sgdm,500,,nin.cifar10_svhn,,v2,all,sep24_v2,0.001,complexity.pacbayes_init,False,pacbayes_init,True,5.5418619012925774e-05,-0.00025740632554516196,0.03020496666431427,-1.359379712084774e-05,0.030231621116399765,2.665437568794005e-05,0.04466409981250763,0.011259274557232857,1160,0.29380226135253906,499,1600961501,0.0024307076819241047,2.2393793187802657e-05,2.2393793187802657e-05,349
130,stellar-durian-31,1,False,True,sgdm,500,,nin.cifar10_svhn,,v2,all,sep24_v2,0.001,complexity.pacbayes_mag_flatness,False,pacbayes_mag_flatness,True,2.616963865875732e-05,-0.00023439501819666475,0.024878833442926407,6.683072570012882e-06,0.025071680545806885,0.00019284668087493628,0.10839464515447617,0.00821920670568943,1022,0.27101796865463257,499,1600961410,0.0017192050581797955,1.8571614418760873e-05,1.8571614418760873e-05,360
131,soft-frost-30,1,False,True,sgdm,500,,nin.cifar10_svhn,,v2,all,sep24_v2,0.001,complexity.pacbayes_mag_init,False,pacbayes_mag_init,True,0.00028498098254203796,0.0003740837564691901,0.06371080875396729,-8.076184167293832e-05,0.06378654390573502,7.573862239951268e-05,0.02125450223684311,0.020901916548609737,1295,0.3410708010196686,499,1600961406,0.007377260830253363,4.724929021904245e-05,4.724929021904245e-05,361
132,still-cosmos-29,1,False,True,sgdm,500,,nin.cifar10_svhn,,v2,all,sep24_v2,0.001,complexity.pacbayes_mag_orig,False,pacbayes_mag_orig,True,0.00029090745374560356,0.0003763302229344845,0.06448089331388474,-5.614302062895149e-05,0.06455343961715698,7.25492209312506e-05,0.021515319123864177,0.021060016006231308,1295,0.34022173285484314,499,1600961408,0.007468749303370714,4.781736424774863e-05,4.781736424774863e-05,365
133,daily-elevator-27,1,False,True,sgdm,500,,nin.cifar10_svhn,,v2,all,sep24_v2,0.001,complexity.param_norm,False,param_norm,True,5.481311382027343e-05,0.0003038989380002022,0.04374806210398674,0.0005947240861132741,0.04387254640460014,0.0001244837330887094,0.06606067717075348,0.011103751137852669,1254,0.25434762239456177,499,1600961397,0.0022519398480653763,3.24981810990721e-05,3.24981810990721e-05,370
134,faithful-meadow-27,1,False,True,sgdm,500,,nin.cifar10_svhn,,v2,all,sep24_v2,0.001,complexity.pacbayes_orig,False,pacbayes_orig,True,4.819157038582489e-05,0.0002747852122411132,0.03468615189194679,0.0005340855568647385,0.03470901399850845,2.286296512465924e-05,0.0591253787279129,0.010122455656528471,1310,0.2721169590950012,499,1600961376,0.0020827956032007933,2.5710380214150064e-05,2.5710380214150064e-05,349
135,likely-gorge-26,1,False,True,sgdm,500,,nin.cifar10_svhn,,v2,all,sep24_v2,0.001,complexity.path_norm,False,path_norm,True,8.564425661461428e-05,-0.0002925702719949186,0.03901069238781929,0.00011150300269946456,0.03905216231942177,4.14705828006845e-05,0.053494635969400406,0.013995091430842876,1023,0.30322030186653137,499,1600961359,0.0032916595228016376,2.892752854677383e-05,2.892752854677383e-05,337
136,atomic-bush-25,1,False,True,sgdm,500,,nin.cifar10_svhn,,v2,all,sep24_v2,0.001,complexity.path_norm_over_margin,False,path_norm_over_margin,True,8.574849925935268e-05,-0.00029432622250169516,0.03947892785072327,0.0001223135768668726,0.03952239081263542,4.346256173448637e-05,0.0480387769639492,0.014141157269477844,1023,0.30202585458755493,499,1600961344,0.0033190788235515356,2.927584500866942e-05,2.927584500866942e-05,339
137,fine-butterfly-24,1,False,True,sgdm,500,,nin.cifar10_svhn,,v2,all,sep24_v2,0.001,complexity.log_spec_orig_main_fft,False,log_spec_orig_main,True,0.00025979720521718264,0.0003877841809298843,0.06855406612157822,0.0002246499789180234,0.06858447194099426,3.0407534723053686e-05,0.0,0.021241510286927223,1083,0.3357429504394531,499,1600961124,0.007209604140371084,5.08033117512241e-05,5.08033117512241e-05,354
